Date,Close,High,Low,Open,Volume
2021-01-01,2195.60400390625,2210.7314684277826,2190.5001488331854,2202.822771871949,830096
2021-01-04,2231.422607421875,2234.64122647235,2207.696742090053,2211.6510903975313,1614486
2021-01-05,2253.538818359375,2259.424202488643,2211.6507519387637,2211.6507519387637,2356303
2021-01-06,2222.962158203125,2253.033209608352,2208.524398456405,2249.170911865916,1641627
2021-01-07,2178.4072265625,2237.1238935440924,2174.866656154248,2236.48021470069,2403881
2021-01-08,2198.9599609375,2207.052531789995,2171.004052006691,2197.8564795742036,2797948
2021-01-11,2233.813720703125,2245.6305161986766,2208.984373194071,2230.0432484983808,2787672
2021-01-12,2184.89013671875,2237.491739350823,2181.303765863387,2234.4569969662016,2036708
2021-01-13,2181.6259765625,2205.2137654410053,2174.4990346600116,2190.4080285867485,1702740
2021-01-14,2205.71923828125,2212.570252556349,2162.129814308623,2175.786042206285,2120413
2021-01-15,2162.13037109375,2213.4904278263107,2154.4517999136137,2200.15614814061,2042957
2021-01-18,2145.071044921875,2183.602410582427,2134.081583860049,2183.602410582427,1733797
2021-01-19,2173.165283203125,2190.5919841171044,2136.473119709546,2153.7157199439393,1495269
2021-01-20,2166.544189453125,2183.0970858297046,2157.67008758978,2167.509819977697,1380562
2021-01-21,2177.3037109375,2206.960986114977,2161.0727648703937,2184.982506098747,1521133
2021-01-22,2215.6513671875,2227.284285728472,2167.50993454253,2169.3491453482516,2548089
2021-01-25,2206.68505859375,2236.8021334094797,2193.258730855422,2225.444917681393,2124424
2021-01-27,2199.052734375,2230.0433956302168,2147.2788984728068,2230.0433956302168,2460297
2021-01-28,2115.460205078125,2217.6744815770653,2105.8963985754003,2177.533570538317,3867335
2021-01-29,2081.894775390625,2135.599870621203,2070.031954395448,2128.9787560073123,4472694
2021-02-01,2067.82470703125,2101.298252406608,2047.2254122123138,2093.6194578278323,2717591
2021-02-02,2051.1337890625,2092.1022539266146,2027.7298768827188,2088.469857553173,4215607
2021-02-03,2053.34130859375,2075.54969245838,2039.3173241852473,2052.099751316294,2353429
2021-02-04,2065.06591796875,2077.3885401769826,2047.2254390026608,2058.996432694229,2908003
2021-02-05,2087.090576171875,2101.29843535074,2060.8357958954084,2065.0660707345937,4036942
2021-02-08,2056.835693359375,2104.7012078319804,2050.996332740239,2104.0575288402824,2780672
2021-02-09,2038.07568359375,2073.434470065838,2032.7879519837493,2066.3535526385363,3131481
2021-02-10,2055.77783203125,2060.835661633653,2034.8568095849469,2041.5239486062962,2055520
2021-02-11,2081.067138671875,2085.6651659336335,2054.4446057289033,2061.7554241724893,1824480
2021-02-12,2061.341552734375,2089.5733939330967,2052.5592761618095,2085.6650709386126,1222094
2021-02-15,2037.109619140625,2079.917290831424,2035.0865323797682,2070.0315338395203,2449407
2021-02-16,2019.545654296875,2049.8466095081026,2013.9819963232865,2047.9613733996232,2396356
2021-02-17,1989.9339599609375,2024.5572366687063,1986.3475888418511,2019.4533819892154,2447956
2021-02-18,1974.2547607421875,1994.2101511794228,1970.898066633898,1990.0259020926599,3205806
2021-02-19,2005.75146484375,2017.614284917951,1977.1516465695508,1979.8184124736606,3364030
2021-02-22,1993.33642578125,2027.7295722583458,1987.8187942921118,2027.7295722583458,2678023
2021-02-23,2004.05029296875,2016.0972148666172,1995.7278182616787,2009.338024612467,2062144
2021-02-24,2003.68212890625,2012.556230384209,1982.255280180045,2012.556230384209,924143
2021-02-25,1989.3826904296875,2009.3380855529313,1986.3479472742936,2001.981241303767,2099460
2021-02-26,1960.6448974609375,2006.9468984095438,1949.5636065869244,1984.50861462952,3413194
2021-03-01,1971.0821533203125,1980.8300605077861,1956.9203197588527,1963.5414338328724,1229276
2021-03-02,2002.854736328125,2008.32634410272,1968.4615807337623,1988.1870736338544,2095135
2021-03-03,2017.154296875,2027.72975819894,1998.7621902246694,2027.72975819894,2031893
2021-03-04,2020.2811279296875,2026.3506137188167,1999.2222528816465,2009.3379128548286,2290915
2021-03-05,2024.143798828125,2032.282172968067,2000.3719063432193,2008.9703077559893,2129837
2021-03-08,1999.7279052734375,2037.937553357579,1994.6240505595795,2032.3278707868467,1440724
2021-03-09,2021.7520751953125,2027.7295091224307,1988.232509845071,2001.0609577552877,1711842
2021-03-10,2048.743408203125,2057.0656592013165,2016.87893972842,2032.788161374661,2696085
2021-03-12,2027.5003662109375,2059.824411964076,2023.132239784131,2056.2380400715074,2038930
2021-03-15,2033.1099853515625,2039.1792471702176,2007.7748079784953,2028.7418590635534,1632022
2021-03-16,2063.640869140625,2066.813463369768,2036.2826041638727,2042.7658681618186,2633605
2021-03-17,2047.3177490234375,2080.1476201416285,2040.8344854108352,2072.790776215398,3703365
2021-03-18,2037.109619140625,2069.0198782025855,2027.729689967189,2058.0766649190787,2597091
2021-03-19,2126.173828125,2138.312575176948,2015.315346091939,2026.902464581055,5382214
2021-03-22,2164.015625,2167.050368062853,2116.9318681437253,2124.3807625240865,2471516
2021-03-23,2149.393798828125,2182.1776423337556,2145.807202972689,2173.027613282846,1970612
2021-03-24,2132.197509765625,2161.9005893049643,2129.3926679463884,2149.394088581314,1762743
2021-03-25,2057.203369140625,2135.32380540474,2051.6857365685196,2132.1972367524313,2495833
2021-03-26,2131.553466796875,2138.0827555545443,2068.0088624041427,2073.710371516343,1929236
2021-03-30,2205.903076171875,2212.570214182191,2138.08218951521,2138.08218951521,3327203
2021-03-31,2236.020263671875,2242.549551039107,2190.177850138913,2194.1782229574724,2709756
2021-04-01,2206.2255859375,2250.09072221346,2199.7423224330246,2250.09072221346,1532653
2021-04-05,2182.407470703125,2222.870107938357,2157.85405164708,2207.052940103555,2545447
2021-04-06,2214.685791015625,2217.1686807617334,2186.224048000533,2190.776049953906,3683538
2021-04-07,2211.881103515625,2239.2393668269606,2195.4202550595746,2222.686468016741,1713970
2021-04-08,2216.156982421875,2242.917589593707,2203.006804700945,2212.5706111367194,1814515
2021-04-09,2276.94287109375,2283.3801086129974,2229.1233923793416,2229.1233923793416,2604858
2021-04-12,2264.068359375,2288.2079996810903,2241.630078762358,2245.216449802625,2261945
2021-04-13,2257.079345703125,2304.4390225808465,2251.9296903038517,2271.425279378094,1811781
2021-04-15,2262.827392578125,2296.2551453929836,2226.4571713074165,2296.2551453929836,3352379
2021-04-16,2261.218017578125,2279.6561539253034,2243.8375623308743,2271.333678719781,1225517
2021-04-19,2240.75634765625,2261.953296457031,2219.9734008847304,2243.8371154683555,1746316
2021-04-20,2204.7080078125,2258.5509509972294,2192.155483415311,2258.5509509972294,1589508
2021-04-22,2160.52099609375,2197.8570678890533,2144.519950760365,2197.8570678890533,1721265
2021-04-23,2122.2197265625,2161.073061389611,2115.0927834877043,2151.8770058092296,1949756
2021-04-26,2170.86669921875,2179.2812245052746,2125.208374572432,2137.163246432857,1946867
2021-04-27,2188.523193359375,2194.5924548250214,2163.785671217204,2173.0277512021607,1668456
2021-04-28,2213.076416015625,2248.435198675003,2176.062298736824,2188.660847789982,1951215
2021-04-29,2214.0419921875,2252.067539762248,2192.4770665184005,2237.399878923453,3151150
2021-04-30,2164.521240234375,2246.503972974839,2142.910513035009,2216.2490447009427,4010778
2021-05-03,2214.40966796875,2220.8469053756357,2151.8765045875725,2154.635320619095,1692239
2021-05-04,2214.087890625,2223.7897726690276,2181.487923521606,2215.513323922793,1453111
2021-05-05,2202.13330078125,2238.3198683262635,2178.2235569125223,2238.3198683262635,1256857
2021-05-06,2197.85693359375,2222.272502172891,2185.948088416844,2207.052987709205,1377740
2021-05-07,2217.3525390625,2229.1235333159516,2204.432038036505,2215.1455758644333,1169518
2021-05-10,2237.3076171875,2250.2281163969983,2221.766377612879,2228.2036146341084,988495
2021-05-11,2208.984375,2230.9628557855767,2201.7653823019855,2230.0432503215266,1019077
2021-05-12,2141.715087890625,2196.937440581824,2138.128716407328,2196.937440581824,2053932
2021-05-14,2185.763916015625,2190.8675457476106,2139.001897370654,2141.6686628975117,1388970
2021-05-17,2185.212158203125,2202.454758083739,2176.246006265206,2193.258704814078,811243
2021-05-18,2183.373046875,2214.731679756315,2176.659882780149,2208.9841462013105,1153722
2021-05-19,2170.038818359375,2188.660827500927,2155.5550334715012,2170.2687197068017,1323590
2021-05-20,2155.692626953125,2172.107671003635,2151.876354846954,2170.268460443937,856235
2021-05-21,2172.338134765625,2175.9245064803845,2151.876911991348,2151.876911991348,771492
2021-05-24,2148.703857421875,2170.2225321254314,2138.3122723932447,2165.670530689643,1194864
2021-05-25,2155.601318359375,2179.281159997357,2150.0376601787125,2165.670953687283,1098457
2021-05-26,2164.75146484375,2179.6490298521244,2156.7049162807157,2166.360774556357,811095
2021-05-27,2139.3701171875,2163.8317129702023,2136.151497979937,2163.8317129702023,3755182
2021-05-28,2135.048095703125,2161.072976880512,2132.8871574340847,2145.76163474316,1215325
2021-05-31,2151.922607421875,2156.474609135568,2133.6223257111574,2138.082501594966,1178704
2021-06-01,2168.705322265625,2173.0274224690743,2143.232299202765,2158.3137370016575,1141451
2021-06-02,2169.16552734375,2182.821534493742,2161.072953932793,2166.590587006664,1113091
2021-06-03,2173.257568359375,2180.4305357345133,2156.4747689845485,2178.545299669252,868532
2021-06-04,2153.76220703125,2179.465137057222,2146.3133123272182,2179.465137057222,1283795
2021-06-07,2151.2333984375,2164.7515556880758,2143.6006271490673,2164.7515556880758,1128300
2021-06-08,2169.349609375,2172.1084261736964,2147.4169260201284,2151.233423966177,1106664
2021-06-09,2166.59033203125,2181.2579933238453,2157.0265256339503,2172.1079644557776,1072858
2021-06-10,2187.557861328125,2207.0074300975493,2165.901104395568,2173.947653451278,1944339
2021-06-11,2176.24609375,2196.523436927352,2170.2686588844285,2189.580371527044,1128097
2021-06-14,2190.232421875,2199.958142707238,2164.2971663223652,2184.4894343783594,1761632
2021-06-15,2215.5654296875,2218.390565196352,2185.9714963939,2185.9714963939,1215463
2021-06-16,2230.33984375,2240.4825647487182,2207.87805405588,2209.128594658817,2153668
2021-06-17,2239.4169921875,2247.012272975136,2210.4250318046466,2221.1697297932656,1555777
2021-06-18,2299.80908203125,2312.5915053570707,2227.653574380543,2241.5474636178437,3937751
2021-06-21,2328.93994140625,2342.509548414385,2285.0814772393387,2291.518933538718,2506277
2021-06-22,2306.6171875,2347.0946730801456,2298.6512671835317,2332.4135990761306,1945883
2021-06-23,2297.5859375,2328.615620590607,2276.93031218532,2311.0166958526506,1035668
2021-06-24,2306.524658203125,2320.0944935293815,2291.6583763635376,2306.3858097539387,759681
2021-06-25,2268.08447265625,2306.3390223888828,2264.703717071449,2304.532862197859,1112942
2021-06-28,2278.78271484375,2283.228803989767,2257.5714707708075,2269.4276331143574,694906
2021-06-29,2308.748046875,2313.332985943953,2264.704364617804,2273.966959156118,1354397
2021-06-30,2289.064453125,2320.2793435775648,2281.376456379857,2308.7474615286023,1447245
2021-07-01,2295.27099609375,2300.828552985018,2281.3771038655796,2300.828552985018,735043
2021-07-02,2303.884765625,2308.8864753107655,2271.1877676254007,2295.270509043941,860231
2021-07-05,2314.7685546875,2328.0602411416858,2301.80092333461,2314.7221964908736,761700
2021-07-06,2290.17626953125,2313.749525035621,2286.9343617685163,2306.385808344919,461782
2021-07-07,2298.651611328125,2307.1270207484195,2265.4917048270363,2276.745666384452,623145
2021-07-08,2267.06591796875,2287.628828503072,2258.636868169932,2280.635525798011,1114426
2021-07-09,2270.678466796875,2282.766196693423,2258.6370950959154,2260.0728423339224,538094
2021-07-12,2263.916748046875,2278.5053331199697,2250.810268420349,2272.1142339239163,543898
2021-07-13,2257.01611328125,2274.4761924865784,2250.810220862757,2273.966704616489,994396
2021-07-14,2236.77783203125,2261.3237086495783,2231.3591235302883,2259.8879612047654,1377829
2021-07-15,2234.461669921875,2246.178759386968,2223.9485366136537,2246.178759386968,693792
2021-07-16,2239.139404296875,2250.810363302352,2228.5801374919583,2241.547769214688,545405
2021-07-19,2231.0341796875,2238.768534629119,2221.6327390599677,2223.0684860783977,463873
2021-07-20,2255.348388671875,2278.59758456286,2225.800811262013,2225.800811262013,1061476
2021-07-22,2202.783447265625,2323.0583069206527,2200.328950594103,2269.33526792488,3546044
2021-07-23,2184.212158203125,2215.380693370321,2181.062740882705,2206.349665143976,1517589
2021-07-26,2175.50537109375,2185.9721473658497,2165.5944409073545,2183.4249340585375,1311535
2021-07-27,2169.669921875,2185.4626898271626,2160.0369145976797,2175.505401305754,1656945
2021-07-28,2187.2685546875,2193.798727783325,2170.3181909180407,2176.70928944054,912373
2021-07-29,2162.584228515625,2196.5315465519166,2158.18449617364,2187.2689521477378,1012663
2021-07-30,2161.24072265625,2182.7762499138757,2147.068911104375,2167.446614315892,1708251
2021-08-02,2160.777587890625,2179.858392442542,2153.182307393745,2169.2991276221856,1229936
2021-08-03,2210.842041015625,2216.5384451019368,2154.571790058691,2158.1841107762275,1733476
2021-08-04,2201.811279296875,2218.1596670224376,2192.9654569234995,2210.8423083201424,1588974
2021-08-05,2183.841064453125,2214.685538128839,2180.413950964152,2214.685538128839,921757
2021-08-06,2196.623779296875,2205.1916772342547,2183.6561499862464,2183.8413566060394,1432661
2021-08-09,2208.66552734375,2218.3912509911015,2199.7272146371556,2203.987872171562,921476
2021-08-10,2206.164794921875,2217.4651149417687,2185.13875071364,2217.4651149417687,1061370
2021-08-11,2214.1767578125,2218.3912833486684,2188.009929522479,2213.759986306187,1300594
2021-08-12,2215.889892578125,2235.52654206443,2202.134853231618,2218.390747149082,1226064
2021-08-13,2227.190673828125,2231.9608191685807,2211.907394095056,2223.948766005959,1033159
2021-08-16,2247.475830078125,2257.155422202141,2216.2145737650712,2226.7277089357444,1146309
2021-08-17,2300.642822265625,2304.023578149369,2251.782645726145,2253.588806076878,1921902
2021-08-18,2302.72705078125,2315.648323197184,2273.0403940503556,2301.754433258001,1545643
2021-08-20,2426.2431640625,2436.061601657256,2293.417690381508,2306.385318679303,5779927
2021-08-23,2439.90576171875,2475.752176320514,2403.1796721769115,2431.4305798667924,2163220
2021-08-24,2438.8408203125,2461.997303604491,2417.5368556838685,2439.76707964418,1482854
2021-08-25,2449.9560546875,2469.8242731170976,2427.4015483793105,2437.914682774102,1746570
2021-08-26,2469.77783203125,2498.8625112053965,2436.988341607171,2436.988341607171,2117291
2021-08-27,2480.476318359375,2491.6377893719896,2455.606389118247,2472.186341945666,1176229
2021-08-30,2489.507080078125,2506.2261057021647,2474.5944410025118,2493.1196270374535,1168190
2021-08-31,2523.22314453125,2535.5885709690333,2478.3456988475396,2489.692375699503,2535891
2021-09-01,2531.374267578125,2570.3698794474662,2514.79431448644,2542.582096966953,1775792
2021-09-02,2594.49853515625,2602.788510272855,2528.8266182003094,2545.3604363807135,1946183
2021-09-03,2562.681640625,2601.6308906416407,2552.7707110310143,2595.563846808455,1561823
2021-09-06,2575.556640625,2616.6824621413466,2570.6474212207354,2584.2633873891527,1444978
2021-09-07,2572.870361328125,2601.584399058342,2565.7382100871555,2582.966723180294,1219915
2021-09-08,2594.359619140625,2602.7886693433315,2561.1997166476253,2583.244507385422,946711
2021-09-09,2603.390625,2615.431995964337,2576.85338636822,2576.85338636822,879454
2021-09-13,2580.8828125,2614.3206391215053,2570.3696784951053,2591.2105137261465,1341412
2021-09-14,2558.83740234375,2597.230801018611,2548.185421526448,2595.378282615602,1755061
2021-09-15,2570.7861328125,2579.6319536800893,2546.3329796132284,2569.443102157475,1362350
2021-09-16,2564.1171875,2591.0250641361094,2549.065474577802,2549.065474577802,1259196
2021-09-17,2521.509033203125,2577.779277951803,2499.973507435112,2565.8306250774517,3095032
2021-09-20,2593.8505859375,2601.8626392451974,2510.209317383596,2519.425553131697,2671330
2021-09-21,2605.057861328125,2648.4531989598404,2590.4229195074095,2602.788571324403,2277437
2021-09-22,2579.1689453125,2630.48361857461,2569.4432229473423,2619.3685073001443,1580594
2021-09-23,2577.13134765625,2609.920837083342,2568.3782423220077,2592.599833051093,1054473
2021-09-24,2544.10986328125,2575.000699538269,2529.9844098035674,2565.8308234733354,1635284
2021-09-27,2509.69921875,2561.1066026365565,2505.0679229043644,2561.1066026365565,1465932
2021-09-28,2522.9912109375,2551.334606758851,2510.069714194862,2524.056318561893,1078052
2021-09-29,2487.284423828125,2542.072577142601,2479.5964255442022,2514.747924713182,1503894
2021-09-30,2502.5673828125,2505.8092903117777,2484.181045540162,2487.2841046016215,1620199
2021-10-01,2504.651611328125,2512.0153278470725,2482.467745382351,2506.4577718120127,956111
2021-10-04,2488.117919921875,2523.1305699750287,2482.097233906883,2500.900344688905,1025005
2021-10-05,2508.912109375,2514.7475880689644,2487.9324271291607,2488.117633757735,562784
2021-10-06,2487.97900390625,2532.3930950755503,2478.670052092967,2495.3890788003996,862471
2021-10-07,2472.556396484375,2504.8366223892344,2469.4072054320786,2499.0475019713986,1082816
2021-10-08,2445.37109375,2481.0320794768295,2431.8012583038894,2473.5756463246203,1579941
2021-10-11,2450.04833984375,2468.943937373146,2441.1561609255027,2447.3620524379758,1086252
2021-10-12,2478.80859375,2489.831214473345,2431.430523714342,2431.430523714342,1174337
2021-10-13,2451.5771484375,2494.9724932249287,2447.7332622547533,2489.8780663555963,1660007
2021-10-14,2454.17041015625,2479.3646182646175,2426.799402205397,2451.576838850052,2158809
2021-10-18,2458.2919921875,2481.3557565197875,2448.149498863964,2475.7057109090197,1758177
2021-10-19,2358.997314453125,2530.540497692944,2334.6366487683254,2473.019702660064,5431133
2021-10-20,2295.872802734375,2393.4543223131136,2287.860749269888,2379.5604311232155,4864654
2021-10-21,2265.398681640625,2320.279545133299,2248.9575790753092,2318.797439799162,3254632
2021-10-22,2273.133056640625,2314.0273146054406,2250.810116878303,2277.6716367916656,1845622
2021-10-25,2274.75390625,2281.88605736251,2232.284828497642,2273.132952536361,1560381
2021-10-26,2271.026123046875,2300.894986853421,2252.57343768493,2300.894986853421,1595060
2021-10-27,2233.515380859375,2288.127610188437,2228.4360624236206,2287.94126536677,3083879
2021-10-28,2227.0380859375,2251.5951020054545,2206.8614244821674,2236.6838761643585,2015791
2021-10-29,2230.30029296875,2238.5481571648897,2211.521555766979,2236.684253620206,2453400
2021-11-01,2243.300537109375,2246.84177077252,2207.0941304776456,2230.1599300044363,1941114
2021-11-02,2254.29736328125,2262.778212832821,2238.5474741451544,2250.6628434889876,1350154
2021-11-03,2247.26123046875,2268.3698398989964,2223.8225148754063,2268.3698398989964,1591607
2021-11-04,2257.978759765625,2264.642121911803,2255.322607006816,2263.710170421304,245719
2021-11-08,2266.412841796875,2282.349304019993,2236.776965073115,2282.349304019993,2555533
2021-11-09,2265.7138671875,2279.7397831949247,2252.0142252258966,2273.775384424244,1696949
2021-11-10,2236.82373046875,2255.3230623005925,2232.956222013314,2246.982140282248,1794509
2021-11-11,2214.5029296875,2243.160435994706,2205.183415441254,2239.199642440052,1282647
2021-11-12,2241.296875,2249.3583925689104,2214.5032674553395,2225.5003414486823,1651974
2021-11-15,2259.74951171875,2264.642257336452,2240.5048033000144,2240.5048033000144,1007999
2021-11-16,2242.881591796875,2268.976240839577,2236.777489846212,2268.976240839577,1245209
2021-11-17,2228.435791015625,2246.0498112993123,2224.7546280088463,2240.4114590852705,956809
2021-11-18,2236.12451171875,2242.6017571684697,2208.7252265021507,2227.3642579494262,1236943
2021-11-22,2226.0126953125,2245.9097223780036,2215.3883121997865,2245.443746650092,1629290
2021-11-23,2231.2783203125,2236.6836847226928,2177.5047622310713,2225.313921497465,1932539
2021-11-24,2213.15185546875,2242.2753402496314,2205.9292312430916,2242.2753402496314,999070
2021-11-25,2189.200927734375,2224.5684450652166,2181.698671930319,2224.5684450652166,1363272
2021-11-26,2176.199951171875,2204.065208890729,2166.97349517647,2184.4942281775343,2450902
2021-11-29,2170.887451171875,2182.863117402572,2129.2292700371618,2175.5472080667464,1724612
2021-11-30,2159.84423828125,2200.337485337394,2145.352346991394,2163.9913769391906,3931035
2021-12-01,2185.28662109375,2196.3767532135435,2165.156377173381,2180.766565193462,1263139
2021-12-02,2221.1201171875,2225.5002438537936,2185.4263282400107,2196.6097465508337,1673117
2021-12-03,2184.168212890625,2227.270973138719,2178.8094913462674,2221.120229273713,1890178
2021-12-06,2149.54638671875,2203.086961164305,2144.420652867914,2184.494572065359,1079171
2021-12-07,2163.618896484375,2182.304343791381,2154.672070233753,2169.49000946365,895313
2021-12-08,2181.325927734375,2184.913804749343,2160.4967192105473,2160.4967192105473,839769
2021-12-09,2180.533935546875,2188.7817988965307,2163.572460536481,2181.698875142744,716666
2021-12-10,2174.056640625,2187.2903072469094,2162.1276151737666,2187.2903072469094,724539
2021-12-13,2147.54248046875,2191.9498774079,2144.4203520049227,2191.9498774079,1804894
2021-12-14,2160.543212890625,2166.7405993688926,2147.2162609047386,2148.1482124068675,1219031
2021-12-15,2163.01318359375,2166.6012885351715,2143.954817442304,2158.4000683313957,755122
2021-12-16,2152.34228515625,2167.0671663860862,2147.1699081147017,2163.0130857928384,926493
2021-12-17,2078.48486328125,2151.8294018987663,2074.5240693483074,2146.2843358980913,2439222
2021-12-20,2114.69140625,2119.584152010436,2051.3651148145655,2074.5242024248582,2175705
2021-12-21,2118.186279296875,2146.004897964696,2099.4539611770397,2134.1691581824084,1591415
2021-12-22,2122.6591796875,2159.704250708184,2114.5978904636963,2143.4883861024687,1661605
2021-12-23,2144.093994140625,2148.148073924424,2119.816841096998,2142.509722194582,1423081
2021-12-24,2140.646240234375,2155.604109325939,2127.9251915598893,2152.8082544500303,895503
2021-12-27,2144.793212890625,2151.03747031701,2123.218625451306,2140.6460739855556,584302
2021-12-28,2151.96923828125,2160.6362049622685,2141.3914980470654,2152.8079035964406,783710
2021-12-29,2149.87255859375,2163.851832067857,2142.603290881767,2157.3745866697304,1410236
2021-12-30,2167.346435546875,2171.446931015159,2140.3662583951077,2150.943998619308,963711
2021-12-31,2199.545166015625,2209.0512530102455,2171.4469202685295,2180.7664349477936,1123597
2022-01-03,2200.616943359375,2216.1804866373,2192.8817010334596,2216.1804866373,879278
2022-01-04,2237.848876953125,2244.23283670203,2195.072387661207,2207.7467934568,1484275
2022-01-05,2251.40869140625,2255.322842569724,2229.2281981102396,2240.225272352185,1202512
2022-01-06,2228.6689453125,2247.867239111832,2206.5817380953326,2234.81991682843,1198901
2022-01-07,2251.734619140625,2257.0933404879634,2225.500274338027,2225.500274338027,1026186
2022-01-10,2243.25390625,2259.9823901894633,2238.547505663955,2259.9823901894633,919447
2022-01-11,2240.08544921875,2253.738677143737,2229.228303716983,2252.6667962505976,1321335
2022-01-12,2248.939208984375,2251.5953624054077,2235.286207255534,2243.3941417388733,1487554
2022-01-13,2249.917236328125,2257.0932172786993,2239.7124130422185,2253.458697487188,1586299
2022-01-14,2202.853515625,2256.25437724618,2200.150947530546,2255.3224258305477,1596037
2022-01-17,2226.944580078125,2231.278063207045,2185.426098459101,2203.133175589473,912205
2022-01-18,2208.259521484375,2244.791982095059,2196.9828150651706,2244.791982095059,1667579
2022-01-19,2152.71484375,2207.4205830125657,2148.195015145087,2203.1335147732616,2145255
2022-01-20,2107.887939453125,2167.2998473314365,2090.3672058204297,2166.7872285031203,2829711
2022-01-21,2167.159912109375,2175.501059998497,2096.8908605059737,2110.6837881160795,4596050
2022-01-24,2129.13671875,2185.3798613564986,2112.4546485750116,2179.741508664749,2231103
2022-01-25,2168.88427734375,2174.895319426171,2088.410168780537,2128.1113964182846,1843543
2022-01-27,2139.1552734375,2167.3468103571004,2120.1899666806853,2152.808273860388,2620474
2022-01-28,2128.157958984375,2160.9159642090744,2123.0322255762453,2138.4560688825172,1967721
2022-01-31,2119.024658203125,2154.5321002761502,2116.4617916566453,2134.1688696141423,1639875
2022-02-01,2148.75390625,2162.1275014183693,2123.3582276234265,2146.563956719639,1270508
2022-02-02,2169.489990234375,2174.2430342992475,2140.273444742455,2165.9487562551662,1246111
2022-02-03,2141.76416015625,2173.264165059229,2134.1688467561903,2170.514953753348,1448039
2022-02-04,2149.639404296875,2155.3708149666895,2127.6452580559735,2149.0801423903085,1014561
2022-02-07,2103.97412109375,2159.052326700844,2084.7758262293273,2139.0620094559067,1207402
2022-02-08,2110.264404296875,2113.665936155022,2093.675622608205,2113.665936155022,1190660
2022-02-09,2122.6591796875,2125.1756306842617,2102.109831746855,2113.2466063344223,1049611
2022-02-10,2127.78515625,2129.5093576817767,2102.343060169074,2124.8495997875057,1195100
2022-02-11,2104.3466796875,2123.9176629795447,2095.959115419481,2123.9176629795447,2100036
2022-02-14,2076.900634765625,2084.076616065637,2056.8170337202287,2068.9324036515213,1661501
2022-02-15,2134.26220703125,2147.355943497787,2071.308838117581,2094.9803150499783,1533070
2022-02-16,2130.906982421875,2146.983144873997,2120.189540787127,2134.262098640158,995668
2022-02-17,2150.52490234375,2155.603992921927,2121.121784647776,2126.7134940976384,869374
2022-02-18,2155.184814453125,2169.3970769886173,2137.8970659946654,2137.8970659946654,890713
2022-02-21,2138.642578125,2147.2631304287875,2129.276419035436,2141.624777740861,737919
2022-02-22,2115.4833984375,2124.8495571223684,2096.9842964850354,2124.8495571223684,902667
2022-02-23,2106.583251953125,2119.2112413168115,2098.987937617553,2115.5300780960574,1324411
2022-02-24,2023.639404296875,2089.435271474628,2013.2948791212511,2050.2933083158705,2997629
2022-02-25,2022.9866943359375,2046.5651083483003,2015.0184650070144,2045.6331570239158,2193728
2022-02-28,2024.2919921875,2031.5610320381818,1975.7372268746428,2016.7430938475127,2334036
2022-03-02,2002.8572998046875,2008.1693784861645,1978.5799148133701,1984.0783383117457,2034688
2022-03-03,1948.7105712890625,2020.4241931488475,1944.6100757319582,2011.058035141512,2372998
2022-03-04,1882.0760498046875,1936.5485693455835,1840.8371960270904,1933.7993579325212,6320118
2022-03-07,1811.667236328125,1845.4039519292721,1795.8707024837552,1844.7981606469089,2976453
2022-03-08,1816.3736572265625,1824.7612215749662,1772.152599584038,1793.587486252181,3211938
2022-03-09,1861.9461669921875,1870.47354708001,1818.237613199455,1830.3529842766425,2879079
2022-03-10,1958.9154052734375,1970.1454663272466,1909.5686189709218,1912.271187303623,4879791
2022-03-11,1951.879150390625,1966.604029745451,1929.1396245708247,1957.09816985446,2481643
2022-03-14,1919.16796875,1952.4385952495188,1906.8661394143592,1952.4385952495188,1730325
2022-03-15,1899.5035400390625,1939.2047657492935,1887.2018254968248,1905.840855872102,2391023
2022-03-16,1931.143310546875,1938.4592212147568,1893.7721899619114,1919.820190241538,2808685
2022-03-17,1959.0089111328125,1972.661911095697,1940.6495100728332,1955.327747809153,2995889
2022-03-21,1911.618896484375,1967.2563562620776,1906.7727941259611,1963.155860618933,1674982
2022-03-22,1857.8453369140625,1913.9954154438203,1835.0125248978125,1913.9954154438203,5356303
2022-03-23,1843.912841796875,1879.3270017923637,1840.8373560812922,1875.086576603245,3212162
2022-03-24,1832.123779296875,1855.8419033850182,1818.5638372261262,1835.9447583254355,3054664
2022-03-25,1820.1014404296875,1842.468278407318,1812.6458277704771,1840.5112028369995,2233647
2022-03-28,1840.6973876953125,1846.0095795115542,1799.8779801914297,1826.578299696128,1794533
2022-03-29,1851.834228515625,1859.103381780562,1839.7188593104554,1845.2639250950706,1249125
2022-03-30,1878.721435546875,1881.6104630345676,1859.2902655535538,1863.903380915867,1476829
2022-03-31,1909.2425537109375,1914.2285857802215,1880.6783281910843,1881.9830831833865,2540524
2022-04-01,1936.7352294921875,1943.9114392154947,1899.6902651863809,1915.0673536402533,1714996
2022-04-04,1983.612060546875,1987.339866426369,1929.325887426742,1936.5951543971983,1693019
2022-04-05,1994.1898193359375,2011.1512907403526,1982.2607949048795,1998.5699457797434,1277652
2022-04-06,1996.286865234375,2017.115845881939,1976.948870552003,1989.7165612946765,1736115
2022-04-07,2017.4886474609375,2026.9945072307826,1989.809733488334,1994.3295617352514,1824732
2022-04-08,2034.4969482421875,2044.2357967765452,2016.277249293848,2029.510916263543,1693462
2022-04-11,2015.85791015625,2044.7950522139772,1993.3511429881326,2039.1100565664012,1380107
2022-04-12,1987.1536865234375,2017.6750996943333,1980.3970378062163,1995.2149763958494,1370233
2022-04-13,2005.6990966796875,2017.67476307417,1985.708784832729,1992.2324445747702,1071601
2022-04-18,2029.46435546875,2034.357101476611,1989.7633529498871,2001.8320809304937,1828131
2022-04-19,1969.2601318359375,2056.6772266766075,1958.0767140105352,2036.9663162430054,1775996
2022-04-20,2017.6285400390625,2021.0767154008463,1950.2950379694578,1970.5183418745341,1511804
2022-04-21,2048.38330078125,2053.7886664297775,2020.4713914099864,2036.3145711396771,2244813
2022-04-22,1982.2144775390625,2040.042121791504,1975.7374592041976,2033.5184603696034,3520828
2022-04-25,1957.7972412109375,2014.8792743058655,1907.704844821511,1957.0982775403875,2437310
2022-04-26,2002.1580810546875,2011.1046788714114,1976.6691167095207,1996.4264428562417,1447088
2022-04-27,1999.1295166015625,2005.9325814245758,1960.3602380914442,2001.6457404770708,2214481
2022-04-28,2089.29541015625,2096.890723320953,2017.67485155105,2078.251694669211,5865359
2022-04-29,2082.771728515625,2134.168758478584,2071.3086805083126,2091.6716825827143,2678692
2022-05-02,2078.718017578125,2098.75497672537,2055.791917496427,2068.9325259015636,1543544
2022-05-04,2023.7791748046875,2097.682968763275,2002.4373505257283,2089.388464513875,1608395
2022-05-05,2019.16650390625,2052.110857695376,2007.0511326482238,2029.7906615370018,1101451
2022-05-06,2002.9500732421875,2022.3347095116133,1962.8761596435704,1980.3968929549208,1585602
2022-05-09,1972.614990234375,1993.8168862012708,1966.557305672405,1977.1350458799618,1341414
2022-05-10,2032.0269775390625,2048.3361289331297,1974.8052459444818,1988.784518567968,2162232
2022-05-11,2016.277587890625,2040.6946779538005,1972.0098802757395,2036.314550284731,1858636
2022-05-12,1993.2581787109375,2017.5355640190824,1965.6723196324838,2017.5355640190824,1531515
2022-05-13,2044.7947998046875,2067.0683488011728,2007.5631567664125,2022.334678493483,2057239
2022-05-16,2066.369140625,2070.749266485416,2024.477972748503,2050.292979760965,1396818
2022-05-17,2092.23095703125,2122.053402743945,2070.143753680726,2085.614010877864,2055096
2022-05-18,2135.473388671875,2145.352164715765,2083.9366572667113,2083.9366572667113,2137455
2022-05-19,2110.451171875,2128.3912412850877,2092.6508042026585,2092.7907334676647,1734602
2022-05-20,2167.672607421875,2188.222184085362,2127.365703903267,2134.1689955517377,2599505
2022-05-23,2217.858154296875,2225.5001108471047,2149.4063643158356,2151.87594470099,2363306
2022-05-24,2152.481689453125,2218.04456844299,2145.39899457443,2218.04456844299,3078655
2022-05-25,2142.277099609375,2171.400587139213,2130.9073355831756,2171.400587139213,1884260
2022-05-26,2125.03564453125,2139.760522903361,2104.346367907574,2134.308515926021,2299127
2022-05-27,2172.00634765625,2176.013557251892,2125.31548454464,2140.692684937092,1011303
2022-05-30,2189.107421875,2204.065288897061,2172.378938020739,2182.816749274554,939562
2022-05-31,2193.114990234375,2206.767989463334,2147.1230901219974,2199.4056632117813,3123979
2022-06-01,2151.363525390625,2249.544712892195,2145.3524833558267,2208.7251892064764,2197599
2022-06-02,2129.322998046875,2149.965634363882,2103.5544005546167,2138.8288585795585,1460335
2022-06-03,2135.986083984375,2166.740481887106,2111.009739576109,2128.5771154496138,1845303
2022-06-06,2125.315673828125,2145.3059906132307,2094.654556477287,2117.580429860595,2131405
2022-06-07,2061.104248046875,2106.0709127136256,2056.863822764561,2096.891098449515,2034730
2022-06-08,2047.5439453125,2067.9535907235354,2037.2458364526208,2064.272428061553,1506843
2022-06-09,2048.14990234375,2058.0753229955944,2023.0338532527846,2047.497581755784,1497867
2022-06-10,2050.199951171875,2058.5410988636936,2015.6246880950494,2015.811032883909,1641981
2022-06-13,2047.404052734375,2066.136367919905,2009.2873293799346,2020.4707467976336,1519441
2022-06-14,2023.2669677734375,2063.2942443618927,2013.0154999496199,2041.7662984482267,1592475
2022-06-15,2018.1431884765625,2029.7542723946144,2003.523345282088,2029.5662823238645,1432377
2022-06-16,2018.2840576171875,2034.5492150867924,2007.331054073142,2016.6857977639415,1353485
2022-06-17,1984.202392578125,2031.164327197499,1974.377559676475,2030.788347095803,3252189
2022-06-20,2064.54052734375,2071.121785294525,1982.039758032247,1984.7193620123442,2022000
2022-06-21,2073.096435546875,2098.481289859694,2042.2114376518462,2063.6946376532383,1606187
2022-06-22,2071.0751953125,2091.8059765846137,2055.2801285283426,2058.2416031283337,1741378
2022-06-23,2117.84912109375,2122.314975168631,2060.9682428768456,2075.917009965697,1585753
2022-06-24,2166.079833984375,2180.0886486860836,2124.8530934793994,2129.5069369044973,1930048
2022-06-27,2181.828125,2192.358322214852,2160.580199592781,2177.315445663441,1450391
2022-06-28,2179.007080078125,2184.977312138698,2141.5881169672216,2181.827618777099,1404108
2022-06-29,2099.844482421875,2162.3193828566273,2091.9000091930543,2158.8407635800163,1682914
2022-06-30,2097.165283203125,2114.46450077699,2080.994006015614,2091.8060743833043,2387212
2022-07-01,2145.8193359375,2155.832158421891,2071.780180911018,2092.840115415233,1235612
2022-07-04,2233.114990234375,2236.029639396416,2139.84920101813,2139.84920101813,2410245
2022-07-05,2257.841552734375,2267.713439598298,2229.7302714791517,2241.858497811833,2463079
2022-07-06,2348.944580078125,2359.0046852524392,2256.431000857385,2256.431000857385,4770394
2022-07-07,2325.017578125,2379.5950611316607,2318.013284559506,2355.1503864617976,3333262
2022-07-08,2347.487548828125,2354.0217512042527,2306.0725911394916,2328.3077470805983,1346970
2022-07-11,2341.6123046875,2373.9544035591634,2331.6463052779113,2338.2275650105503,1587197
2022-07-12,2303.017333984375,2341.6117583184705,2298.222325483538,2326.9448625220853,1116476
2022-07-13,2348.333984375,2368.641958908877,2314.1583584470563,2316.6029176258635,2528792
2022-07-14,2348.380859375,2371.9792317094325,2320.5514489287234,2353.0347029011564,1663307
2022-07-15,2414.851806640625,2419.928685725884,2352.3769050877404,2378.6548844854124,2996964
2022-07-18,2400.748779296875,2449.168032139557,2381.5221510170395,2426.6037201352005,1566888
2022-07-19,2414.33447265625,2420.9627856075535,2371.838395103478,2397.411237650061,1473121
2022-07-20,2448.69873046875,2461.3911600565125,2383.9204223871366,2420.9634213695645,4012897
2022-07-21,2451.4716796875,2472.5786694816798,2436.6638484047844,2460.4504423407425,1990695
2022-07-22,2482.638671875,2485.0830014366134,2454.8563151138937,2460.4503385664325,1905780
2022-07-25,2466.655517578125,2495.2368882363417,2455.749341399143,2487.245360900242,1253821
2022-07-26,2394.732177734375,2467.9720959286383,2386.2705591197623,2467.9720959286383,1685576
2022-07-27,2427.49755859375,2435.5361430158496,2373.954356732299,2383.685310959491,1404133
2022-07-28,2463.365234375,2467.972023671418,2430.364830929758,2467.972023671418,1442054
2022-07-29,2479.6298828125,2486.7753404444593,2440.70653451562,2482.074441880292,1463059
2022-08-01,2437.8857421875,2480.193824871047,2425.6634071900307,2479.723735063452,1559918
2022-08-02,2477.60888671875,2481.2286708636548,2443.52736802278,2444.4675478488757,1359934
2022-08-03,2469.2412109375,2504.638887179492,2442.492913066802,2458.805123759822,1767904
2022-08-04,2470.745361328125,2485.3181476490777,2458.5700793091246,2476.4334947993248,1189384
2022-08-05,2487.1513671875,2498.6685688858342,2470.3692967201387,2480.1941289964025,1176666
2022-08-08,2491.805419921875,2498.9977029862466,2468.959006752598,2487.151346665565,1024511
2022-08-10,2484.70703125,2516.579032217139,2473.8008545899643,2491.80543410414,1098949
2022-08-11,2457.34765625,2508.164415361328,2450.672518046582,2497.164358687816,810674
2022-08-12,2439.71923828125,2469.00597331785,2430.458606065407,2467.8775740621036,1473527
2022-08-16,2486.305419921875,2489.92520387724,2435.5827668671755,2451.9418031702107,1584117
2022-08-17,2524.0537109375,2532.8444842395543,2486.3055822462884,2492.416751194899,1711381
2022-08-18,2521.609130859375,2552.588007548374,2505.2498655755444,2524.382615199773,1465489
2022-08-19,2476.95068359375,2537.4981695694582,2469.3821904627666,2528.1434266721417,1324508
2022-08-22,2469.5703125,2507.2716154813493,2463.3652633463025,2489.596188777673,1410895
2022-08-23,2437.651123046875,2472.3907199885966,2430.599774701353,2446.394840902538,1305045
2022-08-24,2433.42041015625,2453.8693211659665,2408.08261000775,2421.9032074036513,1242489
2022-08-25,2420.210693359375,2471.1683904667857,2411.9841204557224,2445.595546890646,1106593
2022-08-26,2417.71923828125,2458.2879019454017,2408.7404759239685,2444.3731959899155,1048791
2022-08-29,2421.715087890625,2451.89472066656,2397.458404013392,2397.458404013392,1450034
2022-08-30,2500.7373046875,2507.4594983673783,2430.928955323504,2433.8433749490387,2227943
2022-09-01,2450.108154296875,2496.1769568910986,2438.825998559514,2491.4760586671982,1702269
2022-09-02,2447.852294921875,2466.0916917924455,2430.364858285731,2458.570253159453,937600
2022-09-05,2445.031494140625,2465.5272285963338,2431.398888075206,2441.6467553030598,1274074
2022-09-06,2419.177001953125,2463.271347620903,2409.681093111593,2436.1941204879245,1250776
2022-09-07,2411.18505859375,2441.5526806371126,2407.612329666275,2417.9543068301887,1344964
2022-09-08,2422.98388671875,2440.706364888387,2409.6804365211615,2425.66349052852,1004533
2022-09-09,2433.84326171875,2488.6557867987513,2428.907318053962,2442.5869792607314,1785443
2022-09-12,2426.039794921875,2449.1683091567497,2420.022736187898,2436.005792332107,1595709
2022-09-13,2431.869384765625,2452.9293223960553,2424.723925818101,2442.5873436508055,1342130
2022-09-14,2417.578369140625,2450.1086836932777,2394.3559728040896,2397.4586122094624,1610054
2022-09-15,2407.236083984375,2443.339123264628,2398.3984863547657,2425.6636984693437,1199906
2022-09-16,2376.91552734375,2410.4801306486484,2367.9838190266,2402.1594474019203,2516820
2022-09-19,2424.958740234375,2433.185313454129,2358.0179846277065,2379.5950650511595,1166725
2022-09-20,2429.00146484375,2464.6812408283668,2425.287800698982,2443.1512161388982,1253333
2022-09-21,2466.655517578125,2488.420585508492,2425.6635914279436,2427.543950801143,1960049
2022-09-22,2531.6689453125,2539.660472946018,2463.3179254600923,2466.1855195181556,2620240
2022-09-23,2521.609130859375,2560.8145803167163,2514.0406380052864,2536.5108420952433,1789791
2022-09-26,2501.3955078125,2565.750771659812,2484.9423606875284,2508.8698915991968,2678551
2022-09-27,2518.976318359375,2551.4125161697316,2494.672582678356,2515.9207345076748,1898501
2022-09-28,2540.4599609375,2546.712064870694,2493.4039154560223,2510.2330422705436,1526197
2022-09-29,2539.002685546875,2563.870396140543,2530.118032061527,2548.921628659551,2019666
2022-09-30,2535.14794921875,2552.494221808099,2508.3057681854025,2545.066892694469,1340054
2022-10-03,2465.621337890625,2570.4513776140966,2460.967494141953,2560.109400601019,1683197
2022-10-04,2508.3525390625,2516.3911218993767,2476.5744173397807,2491.4763583162144,1327939
2022-10-06,2457.6298828125,2531.246003633341,2449.215319901363,2520.9040263146962,1752351
2022-10-07,2444.18505859375,2456.6894941958726,2420.9626664961243,2455.655204737511,1025923
2022-10-10,2449.732666015625,2454.5274454448854,2389.937136789768,2416.262172128129,1043728
2022-10-11,2398.069091796875,2454.3859895986047,2392.757168678862,2453.868844892664,1129783
2022-10-12,2436.3349609375,2448.7923430031724,2401.4071444430424,2410.1038073945497,882873
2022-10-13,2412.87744140625,2451.189769756758,2409.5868119773722,2428.484518511937,753331
2022-10-14,2421.715087890625,2467.877776693316,2416.449989385028,2435.0655946645825,1001536
2022-10-17,2435.582763671875,2453.8221595047135,2414.3816638241474,2419.6467623821204,778918
2022-10-18,2446.582763671875,2483.9549088754325,2441.6468199657447,2463.270954297363,1123374
2022-10-19,2428.484375,2460.9205774535426,2424.1594561917627,2458.852227841982,1241979
2022-10-20,2445.313232421875,2453.8689593051386,2414.522347970824,2414.522347970824,1428125
2022-10-21,2495.14306640625,2507.2244685877413,2450.1085460353065,2450.1085460353065,2458302
2022-10-24,2419.177001953125,2482.0749456943445,2397.4587543638554,2453.9636583889924,719908
2022-10-25,2355.526123046875,2431.304698503759,2350.4492444931934,2431.304698503759,2923789
2022-10-27,2368.313232421875,2378.6552116027565,2339.1676547303,2344.808734283508,1846329
2022-10-28,2373.24853515625,2398.304231580678,2361.731334183421,2374.987959362486,1164951
2022-10-31,2398.116455078125,2418.1423297660617,2389.98399201212,2392.7574763820476,1324443
2022-11-01,2415.247802734375,2438.0108823159662,2411.272599879386,2431.5273479495604,1280132
2022-11-02,2383.540771484375,2426.79522677603,2367.5449856731047,2426.79522677603,1338284
2022-11-03,2410.08984375,2412.5979445533735,2374.075928648827,2381.0798475128627,730444
2022-11-04,2385.48095703125,2409.7582801093517,2380.6537761370964,2408.764421563361,889055
2022-11-07,2397.2646484375,2415.4371702744916,2382.3100930959617,2395.655665189773,1283685
2022-11-09,2374.548828125,2408.716901782784,2359.262910290921,2375.6845673603025,1436444
2022-11-10,2379.092041015625,2402.1862529874106,2367.2135718394065,2370.0056648859245,1459152
2022-11-11,2369.10693359375,2410.5157853237633,2361.4876586601913,2408.8120606373495,1162847
2022-11-14,2326.278076171875,2379.234029540042,2323.7697445164235,2372.655984654207,2137131
2022-11-15,2325.994384765625,2336.8789973494722,2313.358676857381,2326.2783773960928,1558333
2022-11-16,2345.255126953125,2350.129447190016,2298.167354098633,2331.7203038169064,1330395
2022-11-17,2328.3603515625,2364.3268935785063,2322.9180458627097,2347.2427399056714,960476
2022-11-18,2350.792236328125,2355.382795630736,2317.8072676554602,2337.8253967395817,1075675
2022-11-21,2367.545166015625,2377.578031988728,2337.8729036649825,2350.792373390815,1354881
2022-11-22,2381.079833984375,2388.935730660975,2363.380554461353,2371.804205296685,921265
2022-11-23,2373.176513671875,2389.8819325720688,2368.112711008046,2386.095980995717,734152
2022-11-24,2412.73974609375,2423.00923312555,2376.7732027895427,2382.310249912894,999929
2022-11-25,2401.665771484375,2418.6551837521515,2383.4458786822634,2418.276681007505,783480
2022-11-28,2390.071044921875,2406.4453307524473,2386.853078699601,2391.7747692473686,830905
2022-11-29,2493.23828125,2498.680586459523,2391.964079959749,2391.964079959749,2542932
2022-11-30,2540.705078125,2553.6245465024504,2482.6379486567557,2493.049316340791,3698270
2022-12-01,2520.35546875,2539.427108047889,2505.2116619185554,2536.5876442669933,1675569
2022-12-02,2475.16064453125,2517.657859580169,2467.635880729102,2517.657859580169,2101890
2022-12-05,2479.656494140625,2484.530814546321,2446.8131781312222,2460.8686163125462,1640511
2022-12-06,2512.499755859375,2517.6106986070267,2464.512860680038,2467.304954052851,1484562
2022-12-07,2562.474365234375,2574.2580945547784,2514.108736268077,2517.705436863666,2368561
2022-12-08,2560.676025390625,2565.9764508529383,2542.03025719028,2550.832642190537,1314703
2022-12-09,2576.576904296875,2594.891539145615,2566.165536513877,2578.895753633309,1883397
2022-12-12,2571.84423828125,2578.233031586393,2544.7745919949284,2557.5995492152956,1163204
2022-12-13,2565.2666015625,2574.447489408758,2553.4355009677906,2571.6080252660277,1265839
2022-12-14,2540.98876953125,2574.4472108229606,2528.400664721609,2574.4472108229606,886858
2022-12-15,2520.73388671875,2539.6636446214534,2506.7258196555204,2525.5610674143977,990722
2022-12-16,2528.353271484375,2543.875581215562,2511.3164886240284,2525.2298150780803,1793864
2022-12-19,2572.648681640625,2574.4469161000948,2528.353004663088,2528.353004663088,1546941
2022-12-20,2531.42919921875,2561.2435673627783,2511.268961210893,2561.1961967536704,827567
2022-12-21,2523.526123046875,2550.9269029512657,2508.2878057158546,2544.112235934674,779092
2022-12-22,2503.7919921875,2544.63285481951,2500.6211651229855,2533.2749994139554,852567
2022-12-23,2480.839599609375,2507.767134935955,2468.4878859382347,2491.1562255903627,1189702
2022-12-26,2477.384765625,2496.69325788262,2467.25739107319,2480.6974733525367,605144
2022-12-27,2454.47998046875,2493.901112828227,2437.4431966459647,2484.5309741561628,870960
2022-12-28,2445.34619140625,2463.8027051583895,2440.140508040262,2454.2430850922087,822651
2022-12-29,2430.62890625,2445.062850338133,2403.5118824813253,2442.1760153052655,1345863
2022-12-30,2424.003173828125,2448.0438769468897,2418.466126517221,2441.8917048575186,696432
2023-01-02,2421.494873046875,2441.986477453442,2402.2339803653995,2436.1654374484147,681703
2023-01-03,2406.019775390625,2424.902164059462,2399.3469890283905,2413.591679103535,821843
2023-01-04,2400.38818359375,2421.494680028095,2391.822421426849,2414.0175176499197,1672649
2023-01-05,2445.44091796875,2453.2494437087807,2401.7132200398096,2401.760590653467,2008493
2023-01-06,2438.5791015625,2472.1320568760025,2437.1119988629316,2441.939180370883,991782
2023-01-09,2483.6318359375,2488.7427786109756,2432.4741142837315,2450.788749169992,1267078
2023-01-10,2502.3720703125,2511.3637051593632,2475.1605438022557,2483.6315641006513,1413088
2023-01-11,2454.47998046875,2506.1583171616658,2449.605659749921,2502.5142459691024,1471687
2023-01-12,2451.450927734375,2463.3293965912753,2435.0766415429766,2447.7123469030203,1703829
2023-01-13,2483.58447265625,2498.0184144275945,2429.3032942856776,2451.593132547807,1348015
2023-01-16,2458.1240234375,2487.323038952813,2445.7249384783695,2487.323038952813,930068
2023-01-17,2524.803955078125,2531.8552440285057,2462.5723729118167,2466.026961468533,1892865
2023-01-18,2542.455810546875,2549.3652185945693,2517.6578731990176,2525.22977657706,2038075
2023-01-19,2507.95654296875,2535.9253091933156,2472.131880238682,2527.2176659301786,1649842
2023-01-20,2412.361083984375,2465.601029437684,2400.340733626147,2413.5441938833374,4569549
2023-01-23,2457.461181640625,2464.654582376025,2415.437209763293,2423.009113242175,1388360
2023-01-24,2461.342041015625,2470.3336770047226,2442.6962736534674,2464.654749011608,1462462
2023-01-25,2482.02294921875,2500.6213463628555,2455.1899214478603,2461.342093571766,1591810
2023-01-27,2472.368408203125,2504.9277323557003,2440.2351884893287,2494.4689942843343,1581382
2023-01-30,2430.72314453125,2470.333761061501,2394.803969967833,2470.333761061501,2744039
2023-01-31,2438.862548828125,2451.5927640980008,2405.2148598028316,2430.5807802039876,2366794
2023-02-01,2436.49658203125,2463.708110334017,2410.5629048792493,2461.0578978840813,2014615
2023-02-02,2493.853515625,2498.4912134951937,2425.8482735820367,2432.0004443890143,1980667
2023-02-03,2507.009765625,2515.2441639443396,2490.3514865498996,2498.727996696555,1638238
2023-02-06,2496.45654296875,2503.460460901495,2460.6318840183976,2490.209630484625,1697446
2023-02-07,2462.00439453125,2503.9812272919867,2456.420208090268,2503.460612707383,1495745
2023-02-08,2444.589111328125,2467.9673173617275,2440.3772861867856,2453.9592495561014,1061956
2023-02-09,2448.2802734375,2460.773867852963,2428.688019572779,2448.564266030701,1102484
2023-02-10,2439.57275390625,2448.233026441154,2418.6081377046994,2446.6714137139306,1523011
2023-02-13,2442.885498046875,2452.113755933724,2413.5443704066374,2423.009250290585,1146525
2023-02-14,2441.560302734375,2462.7615394676645,2432.663177743183,2446.671245013033,1944364
2023-02-15,2412.0771484375,2434.177734303244,2401.2399077219407,2413.54425096214,2009134
2023-02-16,2391.86962890625,2424.8072224749017,2387.847055391145,2423.0089879221355,1982857
2023-02-17,2380.89013671875,2409.9946374955744,2372.7502489490885,2389.881771105086,1395341
2023-02-20,2377.056884765625,2406.9186229008374,2373.980799227116,2383.25642645077,632091
2023-02-21,2381.50537109375,2407.8177801990973,2377.8615314255153,2392.721344828088,862797
2023-02-22,2360.588623046875,2388.5100211810477,2349.8932616141406,2381.5058707999824,885515
2023-02-23,2357.369873046875,2381.268691278382,2347.384611082342,2358.6477240758454,757215
2023-02-24,2351.265380859375,2376.8679267937805,2339.670903167698,2358.837284658021,732783
2023-02-27,2336.073974609375,2353.915363623792,2324.574239268208,2353.915363623792,853991
2023-02-28,2328.9755859375,2341.942656293586,2305.313386128832,2337.588719098323,1780454
2023-03-01,2334.27587890625,2337.825208676508,2317.0024740243284,2326.467353411683,967339
2023-03-02,2323.959228515625,2337.825184242716,2313.216498092793,2334.275854509554,827174
2023-03-03,2338.771728515625,2356.660258371258,2324.2430460274054,2334.0392887573985,1176008
2023-03-06,2351.880615234375,2365.131446197715,2343.125601919311,2349.1356616034195,1214503
2023-03-08,2352.1171875,2367.5447555060214,2335.1749153378546,2353.9154220908404,1448340
2023-03-09,2329.685302734375,2358.600555264015,2325.4261070415814,2351.8806295944114,1038910
2023-03-10,2333.518310546875,2338.298120173099,2314.257422377928,2318.895120187854,772024
2023-03-13,2323.72265625,2355.3352613192606,2314.1630355336915,2334.039282464656,1314549
2023-03-14,2311.74951171875,2339.71827763631,2309.19404039773,2330.2533978724096,1250763
2023-03-15,2277.344482421875,2327.8868406067504,2264.9453992973995,2320.693440598086,1738040
2023-03-16,2327.745361328125,2337.1628707375603,2278.9064879697203,2295.186035397131,1628035
2023-03-17,2316.4345703125,2350.3188859263596,2309.2414003707813,2339.3869036341953,2127178
2023-03-20,2376.8203125,2381.9786252187464,2295.233103649422,2316.4343396815416,1561128
2023-03-21,2330.8212890625,2388.2256900843777,2327.177218069935,2380.4171645941583,1595161
2023-03-22,2343.835693359375,2348.6152729843475,2323.0600965250096,2340.286363295578,1063244
2023-03-23,2352.1171875,2366.2671354786817,2334.0391760659477,2342.557567219473,1578627
2023-03-24,2348.04736328125,2364.2321686543496,2337.82524715941,2339.907474443672,1449326
2023-03-27,2365.273193359375,2370.9521205943315,2332.146117822129,2352.0223631444765,1387736
2023-03-28,2349.940185546875,2378.9973176293265,2339.623328873672,2375.495358642555,1412387
2023-03-29,2395.4189453125,2403.8899656295807,2347.3373147574616,2352.0223835517227,2613254
2023-03-31,2423.340576171875,2431.0069901140273,2381.8843567038157,2421.8734735972384,2146167
2023-04-03,2400.38818359375,2432.4740326839024,2380.464566021321,2432.4740326839024,918048
2023-04-05,2444.5419921875,2450.031669050181,2368.113082742474,2378.051207190434,1489612
2023-04-06,2427.978271484375,2446.6714089414713,2416.3837938211127,2437.2065292163593,797414
2023-04-10,2396.6494140625,2431.480217475743,2389.8821175265043,2427.978258211828,853322
2023-04-11,2411.41455078125,2418.27658806637,2397.4538542356613,2404.0792695454325,913184
2023-04-12,2393.62060546875,2419.2231502023587,2383.871733569996,2419.2231502023587,1109809
2023-04-13,2400.482666015625,2425.233464279976,2389.8820473081432,2389.8820473081432,1261711
2023-04-17,2415.295166015625,2440.99221928254,2405.4041829028697,2435.3132920566018,1566977
2023-04-18,2405.0732421875,2423.009142554852,2394.6145041655373,2423.009142554852,1474786
2023-04-19,2396.12890625,2411.6512156786957,2375.9212967650888,2411.6512156786957,1320243
2023-04-20,2359.2158203125,2396.8858536854373,2347.289980400972,2383.0672690594097,1401364
2023-04-21,2364.27978515625,2375.211768380771,2352.6379358921654,2358.6482274576133,1206288
2023-04-24,2365.9833984375,2370.8577192491357,2342.6525614664356,2368.1129964558954,1735797
2023-04-25,2357.180908203125,2365.9832925002665,2345.4445498577115,2357.5596420351417,1701098
2023-04-26,2376.442138671875,2383.2568061198904,2349.372489190163,2356.7551418739185,1245903
2023-04-27,2336.831298828125,2387.0425290910475,2325.5208144237527,2379.4232551362525,2743893
2023-04-28,2325.8046875,2335.74281012788,2289.554155889742,2305.691820276909,3761927
2023-05-02,2320.50439453125,2345.397073120602,2318.895411277431,2339.5288942134157,1760370
2023-05-03,2352.96875,2356.754701327434,2321.40328837707,2325.473232269287,1258140
2023-05-04,2372.608642578125,2375.0696036515333,2347.4319709544525,2353.8681351589257,1150227
2023-05-05,2366.9296875,2385.1495801259625,2361.2033893166094,2366.219821553534,1354871
2023-05-08,2381.6474609375,2391.632954128573,2363.5220796768936,2371.661967746427,972810
2023-05-09,2381.17431640625,2389.881958912603,2366.2671319100623,2389.881958912603,1651327
2023-05-10,2387.704833984375,2399.3466806619854,2371.756652484432,2386.095850867402,2025658
2023-05-11,2453.675537109375,2459.9224506920486,2388.557343898906,2401.192820765599,1749356
2023-05-12,2483.0166015625,2498.7283952662365,2447.9965445076323,2455.1899459547794,2170011
2023-05-15,2519.787353515625,2527.832500479615,2482.685074908687,2496.787651862166,1561055
2023-05-16,2532.706787109375,2535.073006773357,2508.7608289707878,2527.122601132833,1477905
2023-05-17,2519.314208984375,2530.9086859488,2505.4008828422952,2529.0157101178734,839404
2023-05-18,2486.944580078125,2526.36571268063,2481.5496447162177,2522.863753310702,1434067
2023-05-19,2500.1005859375,2507.246616279918,2461.483830796552,2487.985493784788,1174757
2023-05-22,2496.93017578125,2513.3516045310676,2482.685484649434,2493.9959704443727,768232
2023-05-23,2487.654052734375,2508.003541430552,2484.5305966262467,2491.156011550583,703864
2023-05-24,2475.018798828125,2496.835393879189,2468.44075331195,2479.7986095388455,628872
2023-05-25,2458.265625,2485.6190320642017,2442.459323756377,2470.3333453652904,1072231
2023-05-26,2510.41748046875,2514.5345645266775,2463.8029475598632,2464.418072314996,947073
2023-05-29,2508.47705078125,2536.161823215901,2503.50798906221,2527.122817111749,698267
2023-05-30,2514.392333984375,2522.3901100693683,2508.997399476377,2513.398475530659,948051
2023-05-31,2524.803955078125,2536.58768373697,2496.835190185868,2514.3925877195034,3388305
2023-06-01,2553.529296875,2585.0947568629317,2512.451819530491,2524.2829168159046,1541080
2023-06-02,2571.32373046875,2591.6732211002904,2547.6141614479334,2564.9823075104314,1509260
2023-06-05,2551.5419921875,2576.3399276417117,2540.5152700895683,2571.0868738591034,1000190
2023-06-06,2547.140625,2562.9942961134498,2527.2643806189585,2555.517134705319,655372
2023-06-07,2570.850341796875,2581.072457149329,2535.972401951196,2546.0524054755024,1428490
2023-06-08,2536.492919921875,2575.914280987985,2531.7604802555584,2562.1428353437727,923536
2023-06-09,2495.131591796875,2545.058833244845,2479.8932738110634,2545.058833244845,1413808
2023-06-12,2501.99365234375,2514.8186109331446,2492.1028989789124,2503.4607549560283,775484
2023-06-13,2532.706787109375,2552.6777735038395,2486.896866845138,2488.8845837933386,1787924
2023-06-14,2554.333984375,2557.5048109778104,2510.0856791338583,2528.0689475741083,1536248
2023-06-15,2545.768798828125,2572.0812121817794,2534.8368159061,2568.721133472249,1830192
2023-06-16,2570.329833984375,2578.23310056672,2539.6163471183318,2545.76851861381,1748145
2023-06-19,2560.40625,2587.267401923163,2552.533949035684,2578.2978431007173,1068263
2023-06-20,2553.58349609375,2557.6864481081543,2526.8653856788046,2547.762671710834,1129279
2023-06-21,2554.060546875,2582.925647646169,2546.283528707355,2562.982347335304,1201840
2023-06-22,2532.828857421875,2555.396021860489,2527.437385484197,2546.473989614489,830052
2023-06-23,2520.6630859375,2538.7454756382135,2507.160757581509,2529.918956603175,991214
2023-06-26,2530.682373046875,2551.77045708576,2521.1877148671288,2521.1877148671288,758700
2023-06-27,2529.96630859375,2539.747044335141,2515.3189672493286,2530.6819721845836,687747
2023-06-28,2539.413330078125,2564.557074272448,2521.0446286769024,2531.4932719721824,1397573
2023-06-30,2555.53955078125,2562.93474232793,2529.9666876744527,2543.898134552068,1160181
2023-07-03,2577.391357421875,2581.971651804121,2537.6957833936767,2563.984543861839,980665
2023-07-04,2576.38916015625,2582.7823755535815,2552.533704969618,2577.391135866774,721907
2023-07-05,2629.682373046875,2633.069661354906,2572.667834439286,2576.3414348058154,1717547
2023-07-06,2630.875244140625,2638.41347517002,2610.407076199385,2633.5468688839683,1265020
2023-07-07,2574.576416015625,2642.850547089924,2567.801373090765,2627.0584210397765,1178930
2023-07-10,2534.92822265625,2587.2194228309404,2529.632265436193,2585.8356201701768,1518183
2023-07-11,2561.598876953125,2592.372415333359,2524.861474545714,2535.453390243356,2476367
2023-07-12,2551.245361328125,2581.112437160341,2521.521558001949,2581.112437160341,2395826
2023-07-13,2533.1630859375,2564.413732937298,2529.8233221359947,2562.028187364794,1495067
2023-07-14,2554.3466796875,2563.5072678557194,2529.680278287794,2533.449393693257,1419016
2023-07-17,2558.927001953125,2579.4426940677295,2547.7626951625157,2547.7626951625157,912701
2023-07-18,2559.976806640625,2577.4390474739866,2554.728606185778,2562.6009068680487,1215904
2023-07-19,2549.28955078125,2573.4310859545835,2539.079229212013,2559.928991003643,1166542
2023-07-20,2579.490478515625,2591.943073242828,2536.502899857043,2546.8562610316517,1430764
2023-07-21,2484.784423828125,2553.8222102024315,2473.3338043634794,2528.678465109267,5198952
2023-07-24,2462.12158203125,2486.644943890536,2457.111936335808,2484.7842649392014,1777469
2023-07-25,2450.575439453125,2468.180952061506,2444.9934026192527,2462.0738156481693,1653775
2023-07-26,2465.03173828125,2479.822119275007,2454.5353388663257,2461.405662799776,1300033
2023-07-27,2452.197998046875,2464.7458755402995,2436.1193264631765,2443.7530728837423,2276136
2023-07-28,2466.2724609375,2475.003464310564,2447.760488019154,2452.3407819867566,966450
2023-07-31,2443.56201171875,2464.6500941483187,2437.0732813698723,2457.159621060771,2003252
2023-08-01,2434.30615234375,2455.9668589723788,2428.4853281165274,2452.3407832060807,1758897
2023-08-02,2451.338623046875,2455.632604639891,2419.8971821973637,2421.8056184609263,2082908
2023-08-03,2434.4970703125,2443.800698259534,2421.042499788336,2440.8425284961268,1475310
2023-08-04,2429.439453125,2441.7965317946764,2418.9908107892793,2434.4968560026655,1359318
2023-08-07,2451.57763671875,2456.157931201794,2422.521735757014,2423.714508645127,803823
2023-08-08,2448.380615234375,2466.844595767983,2438.552122170893,2451.5771061046025,1002061
2023-08-09,2435.355712890625,2451.338868196379,2424.668515338569,2448.380931470091,1212549
2023-08-10,2420.5654296875,2434.592391610331,2411.8821832416734,2432.350118462447,1313334
2023-08-11,2387.26318359375,2420.5175487019674,2384.591325991549,2418.9431818281623,1472199
2023-08-14,2417.130126953125,2423.7141391062746,2374.190309528014,2387.2630517958637,1060479
2023-08-16,2435.737548828125,2438.0753369006125,2408.8284083521016,2417.9889965520374,1155882
2023-08-17,2426.8154296875,2443.418733131073,2417.034693167576,2435.7374630154354,1532873
2023-08-18,2437.788818359375,2450.193654307578,2416.175870450372,2416.175870450372,1970819
2023-08-21,2445.422607421875,2457.0162649652852,2422.80768345719,2437.788862086054,977004
2023-08-22,2448.333251953125,2457.112013330394,2436.119211663105,2455.7762009551248,960025
2023-08-23,2456.205322265625,2465.222637361762,2445.1840558310487,2457.1117829326636,1136112
2023-08-24,2463.075927734375,2473.095219643803,2449.430559779322,2466.6542462734565,1143934
2023-08-25,2446.186279296875,2462.551029352658,2434.6879026134584,2449.4782857177142,802955
2023-08-28,2438.695556640625,2450.4324878127904,2422.7601583164624,2447.5698330373084,619841
2023-08-29,2410.498291015625,2441.748938080361,2406.6338935508866,2441.748938080361,958564
2023-08-30,2416.03271484375,2419.897345130354,2404.629853993885,2410.4982027140945,1227377
2023-08-31,2390.364501953125,2423.5235865317863,2377.053203801286,2416.1283950070488,3235414
2023-09-01,2390.125732421875,2399.3816021309085,2385.5454385871035,2390.3642869657338,813413
2023-09-04,2386.881591796875,2398.90483571016,2377.912032851917,2398.90483571016,1143301
2023-09-05,2392.27294921875,2407.9220355882544,2387.549615397008,2395.087846509409,844088
2023-09-06,2407.9697265625,2410.450787169734,2392.654477231026,2398.379786666086,1094146
2023-09-07,2392.654541015625,2406.395423804144,2385.5456615369335,2395.0878441830814,1894798
2023-09-08,2398.713623046875,2405.6317046083727,2387.02445075331,2389.36223861934,1018234
2023-09-11,2420.135986328125,2422.6645714527635,2394.1812970595506,2398.7138336529692,1121083
2023-09-12,2384.4482421875,2432.302191730767,2374.0948815324236,2432.302191730767,3946716
2023-09-13,2391.795654296875,2394.1334422731693,2377.9117330190265,2379.820169401867,1231305
2023-09-14,2386.30908203125,2398.9047165277284,2378.9616479885913,2396.042061734736,2081195
2023-09-15,2356.632568359375,2376.003243807194,2353.102007722305,2361.499174212782,3750697
2023-09-18,2374.71484375,2378.818028280448,2349.2850239024633,2358.207056557156,1499641
2023-09-20,2353.9130859375,2366.4609611550345,2333.0633266226046,2337.500347739406,1795159
2023-09-21,2360.115478515625,2369.323590181349,2331.059350412711,2353.1018821535267,2223720
2023-09-22,2368.798828125,2376.003221836102,2345.4682406719435,2355.010422285743,1176741
2023-09-25,2362.501220703125,2385.259184966629,2347.3767690666537,2368.7989210371984,1122778
2023-09-26,2365.458984375,2375.048923164469,2348.5693700837887,2360.735651228966,1263548
2023-09-27,2387.21533203125,2390.125744073198,2355.9646866334188,2362.6442138940242,1086791
2023-09-28,2347.710693359375,2386.49956755551,2340.8878938819985,2385.5453494157437,1612346
2023-09-29,2352.720458984375,2359.5907833495717,2338.3116711512257,2352.67270148226,1249567
2023-10-03,2355.869140625,2384.5912006529666,2349.0943314136016,2376.003237145213,1585626
2023-10-04,2393.036376953125,2396.0898288185003,2352.2910705325726,2354.1042250201153,1587335
2023-10-05,2404.2001953125,2409.2098402017773,2381.1081645107956,2402.721110704891,1909928
2023-10-06,2384.97314453125,2404.6301348507286,2379.820458856237,2404.5823773426637,1083342
2023-10-09,2396.328125,2401.290012866647,2367.41526800006,2371.232140661084,1468771
2023-10-10,2401.00341796875,2405.4406716925014,2388.7418557677634,2397.1865457573813,1092373
2023-10-11,2439.363525390625,2446.5679200197133,2401.0517545148923,2403.0557060945016,1697398
2023-10-12,2439.93603515625,2450.003084162273,2422.950903923054,2438.0275986797883,1625010
2023-10-13,2451.81591796875,2458.7339999485785,2426.290581008693,2436.1668326066474,1531977
2023-10-16,2441.176513671875,2463.7914388455088,2435.737516422029,2442.7986380497687,954899
2023-10-17,2439.124755859375,2452.3407710991128,2429.8688859230097,2441.1764647650048,1253538
2023-10-18,2431.586669921875,2453.53368980148,2423.285017690539,2452.388674487406,1084689
2023-10-19,2431.443603515625,2437.4549920889817,2409.4010688685216,2409.4010688685216,1272343
2023-10-20,2380.91748046875,2427.1017817460606,2371.280016297584,2404.6298962420647,3608160
2023-10-23,2369.801025390625,2395.0400515265787,2366.7953310865787,2379.820317022033,922707
2023-10-25,2363.885009765625,2376.003535421874,2352.1480782389235,2361.7380186191594,1435836
2023-10-26,2363.02587890625,2376.0033397303096,2343.225851075164,2348.331011677226,2650560
2023-10-27,2368.417236328125,2380.7743149372195,2351.050512366958,2354.3425184342077,1784812
2023-10-30,2365.411376953125,2377.911728421933,2349.6667768251305,2357.8731464408493,875135
2023-10-31,2370.27783203125,2377.9115770619464,2354.8195449367718,2357.1095752606166,920414
2023-11-01,2359.06591796875,2379.772406079239,2353.8654754309146,2371.232199879601,1267131
2023-11-02,2390.353759765625,2399.196906557308,2367.7651670957143,2379.011355660792,1595123
2023-11-03,2411.93310546875,2415.057059874558,2389.392619844332,2400.158200400705,1125583
2023-11-06,2400.542236328125,2420.1030879528025,2394.4867595025,2417.4597423101177,1338677
2023-11-07,2399.62939453125,2408.0400406939307,2388.863814377428,2399.1968939487215,1473411
2023-11-08,2421.641357421875,2427.072137841694,2400.830875317947,2401.1192872588317,745022
2023-11-09,2380.645263671875,2424.188425464951,2377.136916718744,2422.314099905442,1823094
2023-11-10,2390.113525390625,2392.084066636767,2369.735777491523,2380.9338586137587,771062
2023-11-13,2382.038818359375,2390.7378755052937,2375.1662135527877,2381.1257095257197,760809
2023-11-15,2389.96875,2405.9731464541132,2379.9721916904596,2404.8676066119556,1457029
2023-11-16,2394.582763671875,2408.6166199984764,2379.3476212589244,2384.0093809981963,1420578
2023-11-17,2430.724609375,2435.242280505872,2369.3989427459933,2369.3989427459933,1756043
2023-11-20,2409.241455078125,2436.203629376514,2403.0416545438093,2436.1555216090155,944231
2023-11-21,2408.087890625,2419.382185691298,2401.1190702649437,2407.8475864746533,1088806
2023-11-22,2424.092041015625,2426.3509938863676,2406.886357805869,2410.4909200429984,816610
2023-11-23,2422.169677734375,2429.715322104033,2409.0010569157093,2409.0010569157093,1023670
2023-11-24,2417.652099609375,2422.0737901202465,2410.2026704841705,2417.5561187464655,735137
2023-11-28,2413.1826171875,2433.5603641585562,2403.041734135041,2433.5603641585562,1880641
2023-11-29,2427.120361328125,2430.5806007675874,2410.827784619846,2414.576436013944,1265214
2023-11-30,2446.8251953125,2455.4280377646614,2418.565283786909,2418.565283786909,3095684
2023-12-01,2464.222900390625,2481.81321151669,2443.412654382418,2448.6993458061406,1345599
2023-12-04,2501.3740234375,2507.237303937237,2475.1327631308727,2477.055196344955,2188039
2023-12-05,2463.838623046875,2534.72835227723,2457.1582141419476,2534.72835227723,3108717
2023-12-06,2468.06787109375,2483.495445470624,2463.5983074792334,2470.3268241208075,1573754
2023-12-07,2420.583984375,2460.5225856827965,2401.69616985785,2452.1600472249447,3925967
2023-12-08,2424.47705078125,2435.6751320283192,2411.020016307216,2421.304988577959,1605805
2023-12-11,2406.55029296875,2431.8303411708434,2402.0807288187652,2424.4771266861426,2012243
2023-12-12,2405.68505859375,2420.3436130412797,2400.1580626545174,2403.0417127097694,1677929
2023-12-13,2414.47998046875,2419.093867268127,2401.1672708282504,2410.5872408203054,1513205
2023-12-14,2418.7578125,2426.8800469344105,2404.1952382366917,2423.56389615019,2166569
2023-12-15,2425.0537109375,2433.80087747022,2409.7704580639183,2422.266276155195,2543337
2023-12-18,2437.164794921875,2445.81574469679,2417.459853767902,2422.410025603624,1969036
2023-12-19,2461.387451171875,2467.395055289173,2436.684229975954,2436.7323377432995,1656220
2023-12-20,2458.3115234375,2473.1622733895497,2448.218748854472,2473.1622733895497,1468642
2023-12-21,2454.17822265625,2479.9388749584405,2437.6453437575988,2443.652947621355,1945695
2023-12-22,2475.709716796875,2479.6986720564782,2448.02663012791,2459.945622811475,1174984
2023-12-26,2484.504638671875,2491.1369394280136,2467.4911515683684,2475.7096005380354,893776
2023-12-27,2507.1416015625,2510.6980564691835,2480.8041228009033,2485.706421910149,1073278
2023-12-28,2531.65234375,2537.6118397726373,2505.747603153392,2512.4761193952136,1635216
2023-12-29,2560.633056640625,2563.6610299017602,2519.5891524788576,2531.6524684122573,1305681
2024-01-01,2551.7900390625,2565.8717698748246,2535.689659307609,2560.5372049175576,526353
2024-01-02,2512.427978515625,2551.020730868022,2505.891658746745,2545.30153907226,1310629
2024-01-03,2505.459228515625,2526.654101927123,2494.8858456925855,2498.2019960981333,1008270
2024-01-04,2492.00244140625,2521.2714434435734,2487.6769661887524,2505.459475416242,1376844
2024-01-05,2518.435791015625,2527.903634441405,2494.357266422686,2494.357266422686,1150738
2024-01-08,2478.2568359375,2524.1549311245517,2466.9625402631996,2523.145606704356,1189828
2024-01-09,2479.69873046875,2488.589984759606,2471.816800626399,2482.390184107417,1017205
2024-01-10,2477.439697265625,2493.684399436957,2465.5207046868295,2479.93895442184,881278
2024-01-11,2437.837646484375,2488.5899330735856,2433.6564948160362,2479.9389831324256,2399600
2024-01-12,2445.335205078125,2455.908588433416,2414.432183049432,2435.2424300571656,2979841
2024-01-15,2473.402587890625,2478.7373871269424,2432.839292997883,2447.2575424625093,1391204
2024-01-16,2469.4619140625,2484.3607728897164,2457.206401156241,2473.402761723246,1599406
2024-01-17,2463.501953125,2471.624421207969,2441.2498824973773,2450.141136129861,3047652
2024-01-18,2449.179931640625,2470.326697141447,2439.13526496214,2470.326697141447,1273095
2024-01-19,2465.9052734375,2474.1237233073075,2433.800728938802,2465.520880619284,1323064
2024-01-23,2283.418212890625,2384.2978512994473,2273.709831056434,2355.9419607074965,4369332
2024-01-24,2346.954833984375,2351.0400052592818,2275.344184577186,2295.3856481123184,1551469
2024-01-25,2334.122314453125,2372.2825665017513,2326.3363661318594,2359.594554328448,2364765
2024-01-29,2349.597900390625,2354.019590877666,2316.5321412883522,2316.5321412883522,1587091
2024-01-30,2363.29541015625,2397.803231432302,2352.385741116403,2358.8258462479507,1793711
2024-01-31,2385.307373046875,2389.488524931115,2347.050901063896,2354.9809389194415,1445004
2024-02-01,2377.665771484375,2414.143899058984,2372.6193837064475,2379.107596563783,1727534
2024-02-02,2357.480224609375,2390.4497704134455,2347.291233494428,2380.933818741072,1956115
2024-02-05,2325.663818359375,2369.1588742720683,2319.175605598918,2368.4379617431287,1315445
2024-02-06,2332.248046875,2346.666296218703,2324.2699019704123,2330.902202799705,1557511
2024-02-07,2331.3828125,2345.272345774969,2318.021995302354,2345.272345774969,1149076
2024-02-08,2323.308837890625,2347.0989508697385,2305.958829773469,2347.0989508697385,1758661
2024-02-09,2330.133056640625,2334.2663348301853,2312.7832852722836,2323.3085597899685,886474
2024-02-12,2293.12646484375,2335.6124295793047,2289.6181178518773,2330.085433702878,1292460
2024-02-13,2301.152587890625,2307.8329964640893,2287.7917707436964,2297.307721411276,957865
2024-02-14,2295.33740234375,2301.1528103904666,2278.083609283795,2292.501859975465,1397975
2024-02-15,2259.67626953125,2292.213312532259,2255.735187373002,2276.4975610105416,2553695
2024-02-16,2283.1298828125,2289.618095299179,2266.1645025494804,2278.0353875552187,2363302
2024-02-19,2294.568359375,2302.0658965950224,2281.7362571893896,2296.8273124965353,576683
2024-02-20,2310.861083984375,2315.042235684377,2276.3532648212054,2278.179717292503,1032995
2024-02-21,2313.74462890625,2328.835682964777,2301.2488127974525,2310.8609790349888,1127778
2024-02-22,2295.481689453125,2326.4328201820526,2273.9984023925185,2326.4328201820526,2258516
2024-02-23,2301.248779296875,2312.2065547793372,2291.4922899045896,2295.9139801782985,1210775
2024-02-26,2311.00537109375,2313.216216553072,2287.6958649071958,2298.365464700586,831596
2024-02-27,2312.014404296875,2315.52275112335,2296.4906149378007,2310.8128835108178,1120424
2024-02-28,2327.63427734375,2330.9504279253597,2307.8812278139335,2317.5896100629743,629152
2024-02-29,2318.742919921875,2334.6029942925143,2304.276562728189,2330.950324169719,2848084
2024-03-01,2316.243896484375,2344.2153970650215,2310.765008083479,2323.212717744194,2326244
2024-03-04,2328.066650390625,2333.737734571899,2311.1491440334266,2322.491547068001,1501261
2024-03-05,2306.77587890625,2326.1443005982023,2298.365233191277,2311.726050801106,1587199
2024-03-06,2307.68896484375,2315.4268057589834,2283.1779404324334,2310.7648111688027,1354111
2024-03-07,2325.7119140625,2331.911714844805,2309.803730738692,2311.678056369801,1820704
2024-03-11,2297.16357421875,2319.4156445318367,2291.1078627337656,2315.5707781505157,2040761
2024-03-12,2285.917236328125,2292.5016641169373,2269.2402685894435,2287.695580963652,1012157
2024-03-13,2222.90966796875,2282.889491692188,2214.499022473042,2282.889491692188,2322669
2024-03-14,2244.056396484375,2250.880893627091,2212.576552438003,2215.460202274312,2292515
2024-03-15,2237.424072265625,2246.315326766892,2226.0816682377067,2239.6830253861167,2751403
2024-03-18,2210.750244140625,2234.8287687773436,2207.914701884541,2230.791705677831,2487402
2024-03-19,2179.0302734375,2214.5471855616215,2159.7099574862964,2194.6981534613324,4220638
2024-03-20,2154.999755859375,2177.588348542376,2153.1254302094503,2162.7375973086,2995013
2024-03-21,2155.384033203125,2171.5322835687643,2147.3577811103855,2147.3577811103855,3504486
2024-03-22,2169.03369140625,2178.117142705983,2145.483881169579,2152.2123983800566,3507809
2024-03-26,2153.12548828125,2171.5326949037612,2145.435754394531,2145.531969936937,3027027
2024-03-27,2152.8369140625,2175.233309253919,2149.2804593423607,2162.7374926298353,2168861
2024-03-28,2176.531005859375,2199.1674701311017,2153.2215021979396,2157.9313698937053,3186360
2024-04-01,2197.244873046875,2205.9920377407097,2174.271890792804,2181.9616233862357,1427873
2024-04-02,2198.01416015625,2208.8759556978766,2188.738512957842,2208.8759556978766,1221495
2024-04-03,2177.34765625,2193.352052420509,2173.3587014837085,2193.352052420509,1175309
2024-04-04,2177.107666015625,2193.496457295735,2162.0166111185067,2181.961857169728,1890255
2024-04-05,2179.0302734375,2192.054807387964,2170.5236459682587,2177.1078399295957,1153449
2024-04-08,2180.952392578125,2200.176724886131,2179.2702635011747,2188.6902332665027,1127294
2024-04-09,2176.338623046875,2186.3835249561675,2168.2644969116745,2182.9230510856314,1189343
2024-04-10,2173.214599609375,2188.5940657934834,2170.1387533069596,2188.5940657934834,2308993
2024-04-12,2145.72412109375,2177.011772119853,2142.1676661805636,2173.2147783557252,3388551
2024-04-15,2108.957275390625,2141.3502270656313,2105.064301323637,2141.302119302431,4909564
2024-04-16,2134.669921875,2144.714588644273,2087.8106115348733,2098.335886615327,2821129
2024-04-18,2128.902587890625,2150.9143543197647,2123.375592400965,2129.142892042349,3392171
2024-04-19,2145.05126953125,2156.7299585017845,2110.831861334783,2133.901062005108,2337694
2024-04-22,2154.567138671875,2166.149846333918,2142.600038215488,2162.7374802639833,1804108
2024-04-23,2174.992919921875,2185.3259986487164,2161.4877793956443,2165.6210578207865,1991778
2024-04-24,2172.58984375,2180.375792163384,2158.555987368747,2178.1649470249645,1404398
2024-04-25,2144.33056640625,2152.981517502396,2129.191401987995,2151.2512803487534,4951866
2024-04-26,2136.4482421875,2167.543696851507,2132.5555022212607,2157.931529681434,2307512
2024-04-29,2139.764404296875,2147.357921699967,2133.900889066216,2147.357921699967,1395292
2024-04-30,2143.945556640625,2153.3655264224535,2138.706973011922,2145.4835970967697,2119102
2024-05-02,2139.95654296875,2156.201009483979,2119.530690414858,2119.530690414858,2140383
2024-05-03,2131.0654296875,2148.9439186486993,2118.521505418379,2145.4355717304093,2595307
2024-05-06,2168.69677734375,2173.7912720969075,2126.2110519028784,2138.706867307371,1619256
2024-05-07,2287.11865234375,2296.9232492649267,2171.3882691830577,2178.1167852894237,8277810
2024-05-08,2250.25634765625,2280.246261031328,2234.8287730626357,2274.623049604483,1813439
2024-05-09,2235.45361328125,2270.490151125583,2229.4941164389406,2249.8239912546965,1558987
2024-05-10,2270.922607421875,2279.0448417666416,2230.9840057951815,2230.9840057951815,2610266
2024-05-13,2269.09619140625,2289.281742839447,2256.8406780360947,2281.9285286861755,1170617
2024-05-14,2258.474609375,2280.294179184719,2255.735048205718,2269.0479919382315,689430
2024-05-15,2233.194580078125,2264.4341196671453,2227.763565469436,2258.426515900026,812282
2024-05-16,2252.274658203125,2257.032868270841,2212.095990708857,2246.363269783034,1880021
2024-05-17,2230.359130859375,2260.6853282003162,2225.3127434849703,2260.6853282003162,1264582
2024-05-21,2221.08349609375,2234.63674613027,2212.480653120297,2217.527041055078,1663959
2024-05-22,2275.103515625,2281.92824747066,2221.0831887144805,2221.3716006338227,1914851
2024-05-23,2290.098876953125,2294.232155858532,2263.6654166734984,2275.103801980224,1614718
2024-05-24,2277.17041015625,2290.819640002725,2272.9890237524455,2286.253860797852,974100
2024-05-27,2292.02099609375,2306.871745716128,2270.874230770176,2277.1702464713717,1116934
2024-05-28,2303.027099609375,2315.571024447078,2286.3020229404683,2297.30790719324,1631747
2024-05-29,2281.3515625,2302.1139365481226,2277.5066958001285,2288.8490994991575,1592495
2024-05-30,2260.20458984375,2280.4382459438207,2243.527622854832,2276.160879064105,1837380
2024-05-31,2238.7216796875,2285.2444715554675,2227.7157960085565,2261.74277145962,5529186
2024-06-03,2264.5302734375,2294.8567065039656,2253.380300797559,2288.6569058773034,1207445
2024-06-04,2399.4853515625,2412.7020814982593,2251.2657798718847,2281.9284994540258,7826048
2024-06-05,2501.806884765625,2618.306307405162,2427.0722827905884,2435.2907329003897,11061076
2024-06-06,2450.718017578125,2499.1632419376433,2420.343478153456,2499.1632419376433,4102547
2024-06-07,2477.824462890625,2495.799168294792,2427.0721740590598,2456.197087082178,3974253
2024-06-10,2465.857177734375,2493.0594206488636,2447.2575420592607,2478.977690876211,1449122
2024-06-11,2457.206298828125,2476.766917025401,2452.352107768287,2466.4819457138465,1402423
2024-06-12,2430.62890625,2468.404773906583,2419.382716480868,2468.404773906583,1754677
2024-06-13,2390.93017578125,2408.6167027553947,2351.568401318949,2391.4588918675045,3123098
2024-06-14,2406.79931640625,2436.5475426423045,2397.724285194477,2400.2478917119292,1729552
2024-06-18,2413.10791015625,2424.512241154475,2400.3931995365956,2406.944623727065,1820933
2024-06-19,2384.718505859375,2421.600599153089,2379.380308145811,2421.600599153089,986976
2024-06-20,2409.17724609375,2416.7478288529137,2374.6730278925506,2384.7186407596823,2163310
2024-06-21,2369.48046875,2405.1007594830376,2355.1643928006965,2402.189015222162,3646215
2024-06-24,2370.35400390625,2395.2495606319985,2355.6497895105103,2363.3658647573675,1945519
2024-06-25,2360.648193359375,2374.7216246112826,2356.474645665412,2367.5879930137835,833789
2024-06-26,2373.654296875,2394.424646941484,2360.8424310457776,2365.3072008903105,1738656
2024-06-27,2389.717041015625,2410.147828089514,2364.3364306830586,2377.8759946247305,3402726
2024-06-28,2400.29638671875,2417.232984813931,2390.396503797189,2390.5419962243377,2129791
2024-07-01,2431.403564453125,2448.776876762152,2378.0215873536727,2388.6494063118025,3312865
2024-07-02,2412.040283203125,2441.0122329179167,2406.411100622321,2441.0122329179167,1305210
2024-07-03,2436.499267578125,2445.71979146585,2401.5097584861905,2413.496297365214,1406405
2024-07-04,2422.522705078125,2462.2196282687923,2419.5623842855302,2441.060905421345,1977010
2024-07-05,2472.07080078125,2478.86487051249,2422.522573421036,2422.522573421036,1754286
2024-07-08,2511.039794921875,2518.6589543648624,2461.6372921032303,2484.6886023792094,2818809
2024-07-09,2513.951416015625,2537.099878087564,2492.453131954424,2511.039671702594,1479529
2024-07-10,2533.654296875,2548.746885802939,2497.3060689912268,2505.0707205854474,1764036
2024-07-11,2532.1015625,2540.060283161406,2513.854583474437,2540.0117066962384,1432671
2024-07-12,2545.10693359375,2561.8494618059694,2524.482079998987,2524.482079998987,1912642
2024-07-15,2543.214599609375,2551.9012561227323,2536.760090845706,2550.688029320354,920101
2024-07-16,2609.35986328125,2644.834665544728,2547.3397983844893,2548.6985177412334,3298003
2024-07-18,2657.840087890625,2670.2635775618123,2576.8936915714958,2620.5698558354193,5569762
2024-07-19,2646.775390625,2662.3046925135222,2636.050419116571,2658.4223670413917,1668862
2024-07-22,2654.831298828125,2669.050221276368,2626.0534187066073,2626.101995167326,1911629
2024-07-23,2684.96826171875,2728.595853311204,2651.6286919831223,2665.2168331572675,3906259
2024-07-24,2637.1181640625,2676.3295567061523,2596.402322900649,2667.1576101328446,3611927
2024-07-25,2627.557861328125,2644.688764839163,2591.452281427988,2637.118182692761,2166670
2024-07-26,2631.294921875,2646.7756488135715,2608.1950356707994,2643.863904425438,2135309
2024-07-29,2631.828857421875,2639.981647137038,2613.581878057342,2631.440482651685,957011
2024-07-30,2612.22265625,2673.3209442701027,2606.399167914487,2635.7109154365803,1560399
2024-07-31,2626.053466796875,2629.9357923919524,2596.3538181695435,2625.4226836710145,1751085
2024-08-01,2635.66259765625,2644.785968827308,2615.9111696630976,2634.1581489635837,1886392
2024-08-02,2613.3388671875,2678.3192413238753,2602.274097597715,2632.216627095615,1738872
2024-08-05,2636.001953125,2661.334222675603,2587.764104503914,2597.227273238811,3118731
2024-08-06,2669.1474609375,2690.20903019787,2628.96524828348,2640.0785950237046,2296031
2024-08-07,2663.323974609375,2700.0119994244997,2655.025456133828,2699.8662700374903,1713875
2024-08-08,2652.79296875,2678.0766609794014,2640.369479749004,2672.9811087568255,1464161
2024-08-09,2666.38134765625,2676.8636748479075,2638.622859990569,2674.9225119219846,1284031
2024-08-12,2667.837158203125,2682.1046579872973,2642.3108189254185,2657.451984181087,1297178
2024-08-13,2660.751708984375,2676.5236564605643,2649.784328921455,2661.334152597603,1051237
2024-08-14,2641.971435546875,2661.8683564179764,2626.9759986722806,2660.363907692145,946995
2024-08-16,2667.400390625,2672.593096011396,2630.9550108698363,2657.3547781329457,1727926
2024-08-19,2661.8681640625,2678.562117366071,2656.5299661657655,2669.1475248307747,1130327
2024-08-20,2670.1181640625,2675.165140246076,2654.588860754042,2661.8682216798816,1097889
2024-08-21,2709.0869140625,2712.8723239179676,2662.2563587851414,2668.613714717056,1417729
2024-08-22,2710.6396484375,2727.333600307501,2700.2544753582456,2720.490954381254,1552947
2024-08-23,2732.76904296875,2738.010087665523,2689.820816673394,2716.8513660763674,2111401
2024-08-26,2738.15576171875,2751.549833114722,2721.1222468451892,2732.7692242402322,1152244
2024-08-27,2685.501708984375,2741.019157279429,2678.368077529086,2726.3632826569533,1357212
2024-08-28,2683.027099609375,2699.9151231482238,2664.9741886885004,2678.804975245474,1723549
2024-08-29,2703.31201171875,2727.333902856005,2664.246107950083,2688.462067987683,2129934
2024-08-30,2696.275390625,2733.448709240914,2678.902076663861,2713.4546356789924,4029712
2024-09-02,2707.000244140625,2726.2661437739175,2697.245853163385,2711.804574932889,957950
2024-09-03,2712.095947265625,2744.755920130973,2693.363676824325,2698.2165843501343,2022116
2024-09-04,2757.66455078125,2760.188157340057,2690.111986931693,2698.216436840079,1640986
2024-09-05,2754.947021484375,2771.0101927605288,2740.5823678395104,2756.500046673475,1945173
2024-09-06,2755.43212890625,2782.123118479223,2744.9014624679285,2744.9014624679285,1672730
2024-09-09,2835.8447265625,2851.7621664284884,2759.5569352281223,2769.1658330755886,3342754
2024-09-10,2813.327392578125,2851.180067874474,2802.553844056592,2847.6858799868537,1536584
2024-09-11,2818.714111328125,2863.2153669847785,2812.8422829388005,2825.9451329233075,1913665
2024-09-12,2869.427001953125,2876.221072335061,2809.0568810938826,2825.3626974022027,2454564
2024-09-13,2846.666748046875,2869.426835111309,2832.641893822737,2869.426835111309,1902001
2024-09-16,2782.754150390625,2824.3919995176966,2724.810248668883,2824.3919995176966,1489057
2024-09-17,2788.9658203125,2828.177216442892,2775.9601235551504,2782.7541937629762,1098661
2024-09-18,2791.24658203125,2808.4258252229865,2777.512713203406,2789.4509116784593,464796
2024-09-19,2826.090576171875,2847.9772355641235,2788.8203427591193,2791.6349342197495,1713010
2024-09-20,2890.003173828125,2901.4075048930017,2810.2211958756775,2838.756430247054,3641632
2024-09-23,2939.454345703125,2945.7145483400527,2882.5781808925276,2892.332571352012,1300470
2024-09-24,2863.7490234375,2931.15585489431,2859.429983559541,2931.15585489431,1929308
2024-09-25,2862.196044921875,2873.260815338254,2819.636191624619,2863.749069984707,1055354
2024-09-26,2898.25341796875,2904.8048428813454,2854.674167856613,2864.2830665701063,1902889
2024-09-27,2878.9873046875,2940.8618738147916,2865.884454754662,2898.253441779502,2977081
2024-09-30,2871.271240234375,2909.706124674832,2856.0331583870834,2876.9975761841415,1627702
2024-10-01,2837.737548828125,2875.541649372102,2806.339143756762,2875.541649372102,1184642
2024-10-03,2808.23193359375,2837.106731735907,2776.9306818262016,2823.1787931428157,1233447
2024-10-04,2764.94384765625,2828.2742859395566,2734.176463728675,2805.9509130580846,2456486
2024-10-07,2750.04541015625,2782.1231747563133,2741.9411971515387,2761.3042498599384,1280975
2024-10-08,2735.875,2801.098025126875,2716.3662183472698,2760.333604802783,1761488
2024-10-09,2687.4912109375,2742.7174325285027,2679.4839147128605,2740.339318628453,1476282
2024-10-10,2673.660400390625,2705.3983631788246,2652.7929013426997,2688.5103424536064,2065078
2024-10-11,2701.322265625,2707.922266928901,2656.5300261363855,2683.463661587022,679307
2024-10-14,2707.048828125,2722.1897566323278,2683.657720300339,2709.475281759991,874010
2024-10-15,2699.623779296875,2716.9487533001934,2683.9004068922713,2710.9311955846492,1082666
2024-10-16,2699.4296875,2715.2502127006615,2674.5343678170534,2707.09718625598,1170797
2024-10-17,2658.082763671875,2700.1575638443824,2643.3299731877614,2697.68253378276,1368242
2024-10-18,2637.1669921875,2659.3932129429836,2614.212598375217,2658.0828331824578,1137277
2024-10-21,2614.309814453125,2657.4521142040253,2601.595102176689,2635.128739979521,792345
2024-10-22,2602.808349609375,2630.2758533291735,2595.092274110287,2606.1084688697565,1272253
2024-10-23,2581.067138671875,2613.824260595203,2543.893824030917,2543.893824030917,1431962
2024-10-24,2431.403564453125,2569.128970586372,2380.448040858193,2569.128970586372,9216267
2024-10-25,2453.678466796875,2465.276867660535,2426.5507628298415,2428.6859946148834,2761166
2024-10-28,2500.023681640625,2513.4177526958706,2445.9623436655493,2469.159144937238,852829
2024-10-29,2472.70166015625,2509.632330583052,2461.394481395327,2509.632330583052,1695654
2024-10-30,2479.787109375,2487.891559530861,2458.871031051871,2481.776848804237,1200637
2024-10-31,2453.87255859375,2488.0855548126483,2449.8447403470686,2479.7870359976687,1901355
2024-11-01,2462.8505859375,2471.0519523196854,2437.4699741899085,2469.1107892962864,118532
2024-11-04,2450.524169921875,2472.0710314022585,2429.8507369907948,2472.0710314022585,1097260
2024-11-05,2447.17578125,2455.8138618923354,2433.2478418196165,2445.865401430169,702046
2024-11-06,2455.374267578125,2476.386532154494,2449.777629154025,2469.611452196455,1219166
2024-11-07,2430.630859375,2464.407253718044,2421.401332931118,2455.374054274254,1322446
2024-11-08,2462.247314453125,2469.6605169147483,2422.579669604473,2438.927788649835,1700877
2024-11-11,2445.899169921875,2469.316739128912,2430.189173754933,2463.5237739285594,1175577
2024-11-12,2416.884765625,2451.692178555918,2411.484454346943,2449.7775706822567,1624222
2024-11-13,2420.272216796875,2427.980029788182,2405.985890652603,2417.4740174733843,1262017
2024-11-14,2345.89501953125,2420.026560463074,2340.4947086024417,2415.804451248359,2443393
2024-11-18,2378.984130859375,2381.046163629545,2332.688834326965,2357.628355989708,1374215
2024-11-19,2366.661865234375,2395.970682267616,2361.507022871615,2387.8210740176746,1133370
2024-11-21,2339.611083984375,2380.8006797217895,2333.032571434998,2380.8006797217895,1291829
2024-11-22,2400.92919921875,2407.6551370493976,2334.7509378705845,2347.613353088314,1696471
2024-11-25,2426.654296875,2460.2835069783887,2413.0554754508216,2425.2306264341637,4368045
2024-11-26,2434.263916015625,2449.7284438602323,2415.80462213737,2441.186181184411,982442
2024-11-27,2441.82421875,2447.7646089278323,2413.4481343744396,2430.2871904428803,948232
2024-11-28,2417.572021484375,2493.1272374282194,2408.735148515141,2440.940689057231,2540530
2024-11-29,2450.906494140625,2462.050868133835,2410.600728530422,2410.600728530422,1795164
2024-12-02,2434.214599609375,2445.358973491614,2415.9518737711646,2439.9586625684246,1006993
2024-12-03,2437.847900390625,2446.291879693493,2421.3032144140357,2435.0494613734018,1641588
2024-12-04,2419.830322265625,2447.8137526509245,2412.024465943355,2436.12953900783,1321495
2024-12-05,2449.385009765625,2469.4151601085237,2405.642438807475,2420.9106401262025,2071795
2024-12-06,2438.780517578125,2450.5630144118554,2430.1399719569536,2449.7774666798377,1308086
2024-12-09,2357.23583984375,2432.054648922866,2340.1021731538126,2420.3212934353196,3385021
2024-12-10,2353.897705078125,2369.2639501866993,2345.0116899782884,2365.0418405006158,2063838
2024-12-11,2357.824951171875,2365.6799489199275,2341.77120363809,2361.4086980082207,1718225
2024-12-12,2302.447265625,2356.450379655681,2295.6232837042285,2341.82054101358,3231056
2024-12-13,2346.77880859375,2351.148103051197,2291.1554631934337,2302.4470222060845,2260902
2024-12-16,2323.2626953125,2349.6261265509324,2320.1698859339126,2346.9751128385005,1247552
2024-12-17,2320.41552734375,2336.861929579234,2310.6950631027157,2310.6950631027157,2131569
2024-12-18,2316.438720703125,2339.807386268207,2307.454663175832,2307.454663175832,988403
2024-12-19,2317.077392578125,2343.686056401983,2293.6595822074737,2304.4602052401287,1655915
2024-12-20,2291.597412109375,2330.479748587135,2282.515070557055,2309.467724557705,2069691
2024-12-23,2296.5068359375,2309.124022795506,2273.285593186901,2294.641369734494,1066199
2024-12-24,2293.217529296875,2314.229552226785,2288.848234775878,2288.848234775878,683646
2024-12-26,2290.46826171875,2299.403417590653,2282.564122249837,2289.9773243568984,1033769
2024-12-27,2298.814208984375,2303.134361905232,2286.049837508968,2300.5324897599107,556816
2024-12-30,2301.0234375,2316.389681190017,2282.8587549338595,2299.05968803339,924180
2024-12-31,2284.67529296875,2310.007469026126,2281.140448083042,2297.586849677959,1878762
2025-01-01,2280.011474609375,2294.7884979654154,2278.1949104183414,2282.8588155253287,559893
2025-01-02,2327.04296875,2336.517963432763,2273.5307992154535,2287.767981935654,1650744
2025-01-03,2362.635986328125,2370.834735922727,2321.9373281379058,2338.678339641274,1274239
2025-01-06,2333.130615234375,2375.10575867804,2318.8442903999216,2374.1730256557257,900419
2025-01-07,2347.46630859375,2358.708727057057,2332.1981075834215,2334.063573808319,922768
2025-01-08,2357.481201171875,2365.3361989267164,2325.0793354331527,2347.662453978323,953351
2025-01-09,2391.257568359375,2428.8142759463803,2343.1457076596816,2361.457814796113,2425267
2025-01-10,2397.787353515625,2411.484458748228,2370.049390991343,2391.2577424018345,1651911
2025-01-13,2406.5751953125,2415.903006147045,2365.3855943599074,2373.2405929574184,2595013
2025-01-14,2325.0302734375,2423.2668904188554,2321.2501994677364,2420.3212661598373,2052741
2025-01-15,2329.989013671875,2341.6732284736895,2307.5041755449906,2330.8726051486196,1215150
2025-01-16,2302.496337890625,2336.861954874067,2283.8898589241226,2333.867188879549,2762596
2025-01-17,2311.333251953125,2336.1747320433897,2300.532629280447,2307.4057527994237,1333005
2025-01-20,2302.692626953125,2325.079419305078,2293.315675101929,2313.7387179443335,1382273
2025-01-21,2298.077880859375,2334.2109200503423,2290.173741080801,2310.8422527675875,1842885
2025-01-22,2300.4833984375,2319.1881603751613,2289.928244871017,2300.0907444235577,2658047
2025-01-23,2279.618408203125,2298.8632479151706,2212.9983546557087,2273.0398957567777,3408925
2025-01-24,2325.177734375,2337.647495987577,2280.895086444603,2290.5666487972244,1688664
2025-01-27,2349.47900390625,2366.023448998165,2318.353383718259,2322.1336972511494,2477358
2025-01-28,2345.551513671875,2363.3724438998315,2336.321747502455,2357.48119559763,1892156
2025-01-29,2340.740234375,2352.5718729143537,2321.151881289454,2341.9184361178313,699576
2025-01-30,2365.0908203125,2381.0462851096263,2340.7894200830306,2340.7894200830306,1419960
2025-01-31,2424.052490234375,2434.0675649870627,2357.9722699945264,2357.9722699945264,2116148
2025-02-01,2460.627197265625,2554.838028984739,2391.0121355827387,2430.139939176491,2970999
2025-02-03,2397.68896484375,2474.3243359703793,2372.7003007430244,2459.5962149229367,2528480
2025-02-04,2393.859619140625,2405.5929736608914,2359.297678237658,2405.5929736608914,1992474
2025-02-05,2347.711669921875,2408.538762766955,2343.735029239593,2408.538762766955,1357416
2025-02-06,2329.694091796875,2365.2870502684787,2317.518941198998,2356.499319499281,1132113
2025-02-07,2321.004638671875,2338.7764271667124,2293.757615357239,2336.8618194174337,855602
2025-02-10,2318.648193359375,2354.535765162653,2309.418666146116,2327.9268622556306,1326354
2025-02-11,2273.28564453125,2334.849146922713,2254.9246336026426,2328.025164964299,1389260
2025-02-12,2290.22265625,2297.4884328852386,2263.3193863135825,2283.5458605845,1341909
2025-02-13,2279.42236328125,2303.0856420040236,2271.4201794945166,2287.8665825033304,1334967
2025-02-14,2276.329345703125,2323.1155800749834,2271.4688740822953,2279.9130925334366,1135380
2025-02-17,2287.178955078125,2293.659424337889,2258.311933209394,2276.3294308235972,1409168
2025-02-18,2254.384521484375,2296.1633418095184,2246.5295231516766,2287.17904363718,1035705
2025-02-19,2209.61083984375,2263.9085614208143,2207.254436331737,2257.084579856575,1521343
2025-02-20,2207.303466796875,2213.5873689893037,2186.1440190733874,2209.61072851207,2206196
2025-02-21,2201.01953125,2212.703985102254,2186.045940674385,2207.3036737471143,1781509
2025-02-24,2200.822998046875,2210.1999493735907,2178.5836319813607,2189.5805806766357,1627949
2025-02-25,2218.349609375,2228.4629669638985,2197.3864881550335,2202.345003448744,1988040
2025-02-27,2204.259521484375,2228.5117782094676,2192.6244503210396,2228.5117782094676,1699658
2025-02-28,2150.55126953125,2208.8256344948168,2146.2311163198974,2204.3580562349134,3683249
2025-03-03,2137.39404296875,2159.1424717525438,2119.376546283704,2159.1424717525438,1306470
2025-03-04,2118.24755859375,2140.4869254884225,2097.284437084069,2140.437783808497,1800330
2025-03-05,2131.110107421875,2152.171273896323,2111.030815745448,2112.99456534149,1145673
2025-03-06,2178.73095703125,2189.3843940941274,2124.5315180663188,2135.5776091481193,1856868
2025-03-07,2164.592041015625,2186.340470972133,2149.5201676266793,2186.340470972133,1738356
2025-03-10,2207.009033203125,2226.0573080183467,2154.871386582588,2167.979510760761,1242387
2025-03-11,2176.76708984375,2221.44238913751,2171.170451941259,2199.399349846657,1325891
2025-03-12,2153.153076171875,2189.5315841563634,2145.39636141498,2177.160105947309,1526212
2025-03-13,2135.38134765625,2169.894150742321,2125.2188476629813,2145.3964226012604,1845629
2025-03-17,2131.8955078125,2155.656828338742,2117.412855542962,2121.8312918285837,1111886
2025-03-18,2131.8955078125,2131.8955078125,2131.8955078125,2131.8955078125,0
2025-03-19,2160.173583984375,2172.7416286827006,2153.6931147712576,2166.9975655294597,1341405
2025-03-20,2201.755859375,2208.1380452959766,2148.783764173998,2163.9536812276774,1426689
2025-03-21,2205.487060546875,2214.32393347734,2185.45691112403,2204.308858765917,2152415
2025-03-24,2215.3056640625,2224.9280841258274,2200.3812164721885,2209.4635575040347,1454404
2025-03-25,2230.13232421875,2250.4570850278583,2202.6889709722714,2209.9547487462705,2229340
2025-03-26,2205.241455078125,2238.576053510754,2197.239272084734,2230.8193391946506,1416907
2025-03-27,2203.965087890625,2219.920552767721,2160.124475668381,2203.5232921909783,3752627
2025-03-28,2217.90771484375,2254.3842632873084,2199.6938916027498,2206.2724040098356,2280152
2025-04-01,2193.361083984375,2243.240131281449,2179.7620223282347,2218.0551389367038,2495962
2025-04-02,2197.33740234375,2203.0323238244255,2150.3548394880845,2203.0323238244255,1351493
2025-04-03,2203.866943359375,2212.0654534146915,2180.3510918370066,2185.1130403837997,1310088
2025-04-04,2203.866943359375,2225.959124485599,2181.7256205542135,2189.580618287982,1120226
2025-04-07,2208.62890625,2220.6079696442002,2111.0306546602815,2111.0306546602815,3435185
2025-04-08,2247.7568359375,2264.399565484465,2211.525752509045,2227.186607277835,2774874
2025-04-09,2307.405517578125,2311.480201648499,2248.0020989340924,2252.3713933540657,2989089
2025-04-11,2323.2626953125,2351.442690608515,2301.8580189031986,2351.1972219367067,3836083
2025-04-15,2318.697265625,2356.4994442091893,2302.692658956642,2356.4994442091893,3042779
2025-04-16,2323.704833984375,2332.934360568433,2308.3874922964587,2308.3874922964587,1131979
2025-04-17,2331.95263671875,2336.7637273251385,2300.6309266633484,2314.377173785059,1962402
2025-04-21,2308.387451171875,2329.3994741521456,2306.2273747455256,2325.177604656988,1478430
2025-04-22,2355.22314453125,2362.390878848253,2312.4135450863487,2327.0433844016457,2352346
2025-04-23,2379.8681640625,2393.810738138083,2350.0190266157124,2366.3182440167266,2226066
2025-04-24,2283.1533203125,2442.3150676159876,2275.1019956011355,2379.867979637484,7065430
2025-04-25,2289.92822265625,2299.4523596993467,2252.8133095091957,2289.633612290894,2859858
2025-04-28,2276.574951171875,2306.4238484715047,2273.0401060926065,2302.496349368105,1555660
2025-04-29,2279.618408203125,2290.22270274414,2270.6834923989963,2285.8042666616752,1896387
2025-04-30,2299.64892578125,2309.8603271969996,2274.0218991661004,2277.949398128391,2083807
2025-05-02,2276.574951171875,2302.496349368105,2268.130732213357,2291.794010197549,1424284
2025-05-05,2306.031005859375,2312.2166246689503,2277.0657023405943,2281.9750758183536,2074103
2025-05-06,2338.629150390625,2346.778758141565,2297.7830679976596,2297.7830679976596,1888125
2025-05-07,2327.828857421875,2343.636898100996,2312.609797801949,2326.061434813229,1610400
2025-05-08,2312.216796875,2328.9086679425363,2298.5688334765755,2318.8935932451186,2323073
2025-05-09,2290.615478515625,2300.2378988832365,2260.57025538677,2287.768137663965,1805685
2025-05-12,2339.316650390625,2343.7350868761478,2303.5765044828277,2317.2244679630116,1274873
2025-05-13,2317.224365234375,2354.5356050135724,2310.1549151140503,2332.541706924671,1929665
2025-05-14,2307.896484375,2327.0430410418,2296.1139879646616,2327.0430410418,1568111
2025-05-15,2312.51123046875,2326.9447405218516,2297.586783068839,2308.976625401022,3236681
2025-05-16,2338.236328125,2343.734922362786,2306.4236835484644,2317.224305310505,1473000
2025-05-19,2339.512939453125,2361.408794513757,2331.95255175475,2331.95255175475,936655
2025-05-20,2298.667236328125,2351.19753918304,2296.1142659106454,2351.19753918304,1617408
2025-05-21,2321.053466796875,2332.6396359970754,2302.496131178057,2303.478005860862,1570754
2025-05-22,2288.45556640625,2320.268454005645,2271.174713619723,2312.3151721769136,2423653
2025-05-23,2316.438720703125,2321.642704503221,2287.3753737084476,2294.5428671730415,844118
2025-05-26,2350.706298828125,2353.8482499032,2321.250058032729,2325.07927344993,892618
2025-05-27,2337.058349609375,2365.8273291751543,2317.5191369873537,2350.706553150472,1865258
2025-05-28,2319.188232421875,2344.7169767245714,2309.3694846131457,2344.7169767245714,897517
2025-05-29,2323.802978515625,2332.9344618523432,2312.8060289954524,2326.0613384377953,1111275
2025-05-30,2305.736572265625,2331.854297340192,2301.0235254225727,2317.2244591411445,3288892
2025-06-02,2328.6142578125,2340.789408851528,2301.121764755519,2305.343634416857,1178205
2025-06-03,2309.6640625,2336.3710082209473,2300.139925202615,2322.2321074614806,1643913
2025-06-04,2321.642822265625,2324.686729845221,2299.6489239802295,2316.733448566607,3287896
2025-06-05,2333.3271484375,2336.861993557662,2306.3255917892498,2321.642934355921,1787978
2025-06-06,2346.484375,2353.0628880206928,2327.1414899600004,2330.2834412831876,997488
2025-06-09,2349.822509765625,2355.517431030935,2335.1926724620143,2350.608057477307,1293622
2025-06-10,2351.786376953125,2356.695750752591,2335.2908330438154,2350.0189544422137,1778782
2025-06-11,2333.3271484375,2359.346830298541,2328.319730852048,2351.7864423801357,1977707
2025-06-12,2290.419189453125,2344.7169112625684,2281.9752104026784,2343.6367531475557,3339584
2025-06-13,2276.967529296875,2282.760494395082,2260.2756586638234,2263.221282893185,1740682
2025-06-16,2285.215087890625,2294.248526930686,2271.1744714100378,2277.94931097458,1105297
2025-06-17,2286.3935546875,2290.8119909000766,2271.1744966219585,2277.949336261707,1119284
2025-06-18,2255.660888671875,2289.1426734843863,2244.0747187940665,2285.5097848886408,2056563
2025-06-19,2252.616943359375,2265.9705354890243,2248.7877278228257,2258.410148058999,1214549
2025-06-20,2264.399658203125,2271.0764549112105,2250.849737766385,2253.402708180384,2685864
2025-06-23,2257.35498046875,2268.169866753373,2241.082750343553,2265.590049100476,842856
2025-06-24,2245.44873046875,2283.053027199062,2242.6705210148793,2277.099825042089,2440747
2025-06-25,2260.9267578125,2272.6347697099336,2253.683647230803,2261.2244663474958,1047270
2025-06-26,2263.010498046875,2273.130892683563,2253.8823037125367,2271.0471751540676,1874722
2025-06-27,2288.90673828125,2292.4787561982344,2261.5221557844948,2263.0104562105053,1050745
2025-06-30,2276.702880859375,2298.928070446473,2270.1542620550413,2291.8833514974594,1403754
2025-07-01,2277.595703125,2284.6404218850275,2268.7652176811503,2282.060604307341,759914
2025-07-02,2289.10546875,2290.9905524746237,2269.7575623951902,2277.099747912196,1128034
2025-07-03,2295.356201171875,2308.750905945756,2286.029614742405,2291.9828168641297,1060039
2025-07-04,2321.05419921875,2323.1376744970185,2292.2803906553454,2299.920284481797,1242346
2025-07-07,2391.599609375,2396.858319639088,2322.7410024796927,2322.7410024796927,2701583
2025-07-08,2374.03759765625,2399.6364137173014,2367.3899041263103,2386.6384929568344,1471046
2025-07-09,2404.498046875,2420.670959786851,2378.4033734605428,2380.2884570863953,1741690
2025-07-10,2389.615234375,2415.0156603181044,2378.8996643467794,2404.4982396768783,1053695
2025-07-11,2499.947998046875,2510.2667843766285,2441.8049629845386,2480.50077507572,7242235
2025-07-14,2496.971435546875,2512.7473238245966,2470.5788099993074,2480.5008132523167,2427712
2025-07-15,2507.19091796875,2510.167518959921,2490.422829279717,2501.0393243676117,1700294
2025-07-16,2497.963623046875,2513.144094156912,2487.9423029182253,2506.5957173853917,1284379
2025-07-17,2490.224365234375,2505.702544596446,2486.652347254296,2493.3993577519996,807474
2025-07-18,2470.181884765625,2495.2843577635995,2462.144965698126,2495.2843577635995,771112
2025-07-21,2445.674560546875,2474.150904552474,2436.2486571651175,2471.471769802211,1169960
2025-07-22,2460.359130859375,2465.6178411005535,2433.470647028656,2450.734836023488,861632
2025-07-23,2431.28759765625,2467.6022267172193,2422.953211758524,2461.6490247227266,1320795
2025-07-24,2418.785888671875,2446.7658880933027,2402.1168755368553,2436.744568380519,693984
2025-07-25,2396.560546875,2409.657784838074,2386.638543712917,2407.1772840475533,769388
2025-07-28,2422.556396484375,2429.204090176368,2393.4848786817606,2396.5605543297306,987995
2025-07-29,2434.462890625,2438.3323751192297,2410.7491567723273,2425.7314790440246,732282
2025-07-30,2418.388916015625,2433.768020676373,2379.7924212132107,2422.9531342933756,1224146
2025-07-31,2501.535400390625,2529.1186177565537,2401.224093298107,2401.224093298107,5505507
2025-08-01,2533.781982421875,2706.2264515000306,2517.112968113841,2530.110889578397,4259653
2025-08-04,2523.85986328125,2563.0517752650835,2515.327086013953,2527.1341727297113,1293028
2025-08-05,2514.93017578125,2533.0874906124764,2497.6659866058358,2517.7083852053106,756361
2025-08-06,2515.8232421875,2543.1087511382634,2506.893439258159,2518.898917854651,885487
2025-08-07,2497.8642578125,2524.1575657894737,2475.539751039598,2515.922254843745,847151
2025-08-08,2479.11181640625,2510.16749263262,2467.2054125664436,2496.3760050794067,839794
2025-08-11,2498.757080078125,2504.8095986608714,2459.168385930271,2470.678006035155,992436
2025-08-12,2464.42724609375,2516.815472347512,2460.7561532932295,2498.3604491802103,1406211
2025-08-13,2475.63916015625,2481.9891454246754,2454.108219033236,2465.6178398482184,969803
2025-08-14,2461.252197265625,2489.430589305409,2453.909769595819,2479.4092692334916,1104362
2025-08-18,2548.06982421875,2576.744317534717,2501.6347992367637,2519.1966970429903,3089136
2025-08-19,2584.4833984375,2594.603793083701,2538.445159023351,2552.13757165593,1400717
2025-08-20,2648.9765625,2659.096957697686,2568.3106250001715,2578.7287287523454,3156954
2025-08-21,2627.346435546875,2646.2975584682295,2606.807937462502,2646.2975584682295,2235686
2025-08-22,2609.387451171875,2637.76447641911,2598.5725648830726,2626.3541730605166,1223445
2025-08-25,2611.074462890625,2622.385449660888,2594.8022322765755,2622.385449660888,667598
2025-08-26,2671.5986328125,2683.901819675416,2604.1290122069813,2604.1290122069813,4348648
2025-08-28,2633.696533203125,2726.5665836002318,2626.1559558246827,2726.5665836002318,3198743
2025-08-29,2639.054443359375,2701.7614547505946,2620.797812241766,2644.0154449288766,1972773
2025-09-01,2628.834716796875,2652.4491325813005,2618.714322099665,2639.054428419475,1096729
2025-09-02,2656.120361328125,2671.400149963799,2624.469266767194,2628.338751273143,1525106
2025-09-03,2643.916015625,2665.9428132100716,2637.5660307805015,2660.0889285014373,1010692
2025-09-04,2645.801513671875,2728.5509248247226,2634.787993044382,2728.5509248247226,2494678
2025-09-05,2612.860107421875,2652.0520182863465,2603.335130123233,2646.793550617698,944879
2025-09-08,2603.434326171875,2623.9730666119685,2598.3742498750744,2609.486845026385,903410
2025-09-09,2621.393310546875,2625.560503547093,2590.9328084136164,2616.4323088236597,1610956
2025-09-10,2622.881591796875,2632.2081780734443,2598.5726835316877,2621.393291290843,1031486
2025-09-11,2601.54931640625,2636.9708204363524,2593.6117136101975,2623.1793324727764,1212707
2025-09-12,2560.372802734375,2608.395199020342,2548.9624996026387,2604.5257148528326,1368380
2025-09-15,2560.868896484375,2573.1720829359647,2548.3670761897,2560.37279634945,752745
2025-09-16,2560.769775390625,2569.7988954313,2552.534706310226,2568.01288636171,1040928
2025-09-17,2549.656982421875,2570.8902135171456,2546.4819900088273,2566.8220955202946,970247
2025-09-18,2566.623779296875,2589.5434608386845,2550.847649216938,2550.847649216938,1550153
2025-09-19,2539.635986328125,2584.384074543658,2534.8733764379313,2579.7207815780857,2214708
2025-09-22,2552.1376953125,2567.0207005828506,2540.231291096219,2548.962702635441,1174161
2025-09-23,2502.527587890625,2555.2135215505277,2498.558786627699,2548.8632941880032,1430474
2025-09-24,2529.61474609375,2555.9080548882134,2490.4228329850216,2502.5276285865116,1882881
2025-09-25,2518.502197265625,2547.474399043097,2512.0528949895665,2526.142091514596,1624258
2025-09-26,2492.208740234375,2525.54652468155,2479.905311279923,2515.2277385461766,885612
2025-09-29,2478.4169921875,2497.7648977229896,2423.945293497526,2475.5397082588324,2403556
2025-09-30,2494.788330078125,2506.5956589551924,2472.1663570938695,2478.4170251763394,1678088
2025-10-01,2516.41845703125,2530.110870187784,2478.4171355140884,2495.780641485965,1483899
2025-10-03,2525.050537109375,2528.721872140129,2488.7361501691885,2516.4184426371576,1242611
2025-10-06,2521.974853515625,2529.714064556161,2500.5432294397424,2515.4262344267695,818923
2025-10-07,2497.566650390625,2539.4374563414676,2488.736164248618,2520.188866616989,1291750
2025-10-08,2480.60009765625,2505.305788537764,2466.7092932841597,2491.414984165673,1225128
2025-10-09,2497.963623046875,2503.3214078814285,2478.814108419605,2481.493000836882,1259173
2025-10-10,2509.17529296875,2515.12849489021,2486.9501026898624,2490.422803810714,1018875
2025-10-13,2473.35693359375,2511.854353327809,2466.0145060992772,2499.5509243788547,1114750
2025-10-14,2482.782958984375,2489.6290444351353,2462.9389521863327,2473.555447376003,1461017
2025-10-15,2499.3525390625,2512.0527512652384,2483.0805511453786,2483.0805511453786,881070
2025-10-16,2541.52099609375,2548.466397996017,2487.545398204978,2498.1618926654496,1446646
2025-10-17,2583.391845703125,2594.603757423401,2540.0327414928897,2545.4898430859407,2050690
2025-10-20,2574.164306640625,2604.228023538072,2565.4331379755677,2588.6505276068815,1011485
2025-10-21,2571.485595703125,2586.3686009360827,2564.9372187424715,2573.7677049527942,82020
2025-10-23,2581.308349609375,2646.396542743126,2575.8512480603545,2580.7129325458322,3386744
2025-10-24,2496.772705078125,2563.845541367595,2455.1996099512826,2563.845541367595,3110800
2025-10-27,2492.208740234375,2505.3057356327795,2486.453930097325,2496.7727162326983,2127832
2025-10-28,2477.62353515625,2506.298027731777,2462.541896386315,2499.3526254379835,2294976
2025-10-29,2468.693603515625,2493.994710552656,2464.6254854896224,2493.002510276694,1870143
2025-10-30,2450.337890625,2477.5240812054235,2435.752352825584,2471.5708795685664,1195631
2025-10-31,2446.269775390625,2460.160579225737,2433.7679550444664,2449.742476349403,1401937
2025-11-03,2440.812744140625,2455.5964317532575,2421.2664466287306,2436.943259855451,1049185
2025-11-04,2426.624267578125,2444.0870900572017,2422.2586830765586,2440.812780562824,1251588
2025-11-06,2417.0,2444.682292267998,2413.6266157779787,2444.682292267998,1329256
2025-11-07,2414.0,2425.0,2400.60009765625,2417.0,817896
2025-11-10,2408.800048828125,2429.300048828125,2404.0,2405.0,780558
2025-11-11,2427.5,2433.699951171875,2403.10009765625,2422.199951171875,1422399
2025-11-12,2424.5,2434.800048828125,2416.199951171875,2430.60009765625,1680827
2025-11-13,2407.60009765625,2431.0,2405.0,2429.0,1256059
2025-11-14,2427.699951171875,2430.199951171875,2392.0,2405.10009765625,975973
2025-11-17,2425.0,2438.39990234375,2416.0,2431.39990234375,920038
2025-11-18,2404.0,2422.89990234375,2401.89990234375,2415.800048828125,1229034
2025-11-19,2441.60009765625,2450.699951171875,2411.0,2412.0,1465143
2025-11-20,2428.39990234375,2459.0,2425.0,2445.10009765625,1396929
2025-11-21,2433.699951171875,2443.199951171875,2413.0,2436.199951171875,1840712
2025-11-24,2424.199951171875,2444.89990234375,2413.0,2441.89990234375,4092327
2025-11-25,2414.10009765625,2424.199951171875,2406.0,2422.0,1240672
2025-11-26,2425.199951171875,2427.699951171875,2409.0,2412.0,1242683
2025-11-27,2451.699951171875,2459.699951171875,2425.0,2426.10009765625,1872248
2025-11-28,2466.60009765625,2470.0,2447.199951171875,2450.0,973225
2025-12-01,2464.5,2488.0,2458.800048828125,2466.60009765625,1924828
2025-12-02,2477.800048828125,2484.39990234375,2460.0,2471.0,2179406
2025-12-03,2448.0,2484.89990234375,2403.10009765625,2478.199951171875,3535932
2025-12-04,2462.199951171875,2483.0,2423.199951171875,2440.0,2587753
2025-12-05,2338.60009765625,2422.0,2286.699951171875,2422.0,4008271
2025-12-08,2314.0,2355.10009765625,2302.0,2350.10009765625,1898154
2025-12-09,2306.5,2330.39990234375,2298.10009765625,2318.0,1471488
2025-12-10,2301.699951171875,2316.89990234375,2295.0,2306.5,2857290
2025-12-11,2305.60009765625,2313.0,2292.0,2296.300048828125,1108032
2025-12-12,2260.60009765625,2309.0,2244.699951171875,2306.89990234375,3203114
2025-12-15,2293.5,2299.0,2252.0,2260.60009765625,1274115
2025-12-16,2281.10009765625,2302.699951171875,2276.0,2293.39990234375,1256042
2025-12-17,2275.60009765625,2286.199951171875,2268.300048828125,2281.199951171875,808100
2025-12-18,2265.5,2278.300048828125,2255.300048828125,2270.0,1057295
2025-12-19,2280.0,2284.800048828125,2263.699951171875,2263.699951171875,1237214
2025-12-22,2289.5,2295.0,2280.0,2280.0,790773
2025-12-23,2302.60009765625,2310.0,2280.699951171875,2289.300048828125,1128801
2025-12-24,2282.199951171875,2305.0,2278.10009765625,2302.60009765625,519380
2025-12-26,2285.39990234375,2290.0,2275.0,2282.300048828125,533626
2025-12-29,2293.300048828125,2298.699951171875,2280.0,2288.89990234375,1086695
2025-12-30,2290.199951171875,2298.0,2283.0,2293.300048828125,1556717
