Date,Close,High,Low,Open,Volume
2021-01-01,2569.26806640625,2579.5776027437464,2526.055754523553,2526.933161871425,2681440
2021-01-04,2666.835205078125,2676.749949034454,2580.4105980208788,2588.351175826154,5113293
2021-01-05,2713.820556640625,2732.465460238625,2666.9670963421863,2666.9670963421863,5801309
2021-01-06,2677.408935546875,2731.808199516695,2664.861965692319,2719.9631984910084,3726716
2021-01-07,2661.000732421875,2703.160193337854,2632.4410837877763,2698.027275276198,3717827
2021-01-08,2738.301025390625,2744.530704425791,2684.866993460013,2711.1892188860916,5879039
2021-01-11,2787.04052734375,2834.0257336650902,2760.8061333263317,2834.0257336650902,9508039
2021-01-12,2785.63671875,2816.477500398718,2763.8330611389288,2787.0404419371316,3611458
2021-01-13,2771.685791015625,2787.523035871465,2742.994614697251,2785.7682212439095,3572801
2021-01-14,2857.615234375,2871.5046923112336,2743.0714714427045,2773.4876180137585,6931542
2021-01-15,2842.364013671875,2878.0984117702756,2821.8374776367086,2843.814405032633,4131692
2021-01-18,2832.16650390625,2862.9342008525427,2801.970121198734,2857.0004307271865,4160906
2021-01-19,2866.40625,2882.4934015692174,2841.176783736417,2842.055860711583,2975735
2021-01-20,2908.689697265625,2925.523934097384,2872.0322333632444,2874.581470532571,3453446
2021-01-21,2877.96630859375,2908.997554851266,2867.637153892933,2905.349471166,2778546
2021-01-22,2903.67919921875,2922.9308988404446,2849.879517446125,2849.879517446125,3052459
2021-01-25,2893.30615234375,2935.9413865390143,2882.1856996021884,2908.8217754354887,2272887
2021-01-27,2866.71337890625,2906.6233789065977,2836.7807715968115,2900.9533765941983,2786662
2021-01-28,2810.013427734375,2878.976970563586,2798.8051967802726,2839.418508372636,3083938
2021-01-29,2735.1162109375,2827.858831085349,2725.1386015007743,2821.881064777732,5445659
2021-02-01,2759.730224609375,2782.2784618413975,2675.9981476771814,2725.138461835176,3985846
2021-02-02,2816.0791015625,2834.144176379668,2769.092480023559,2790.190327490405,2881837
2021-02-03,2813.09033203125,2844.69310653024,2780.2127242168735,2824.474335995569,2505866
2021-02-04,2802.892578125,2846.319103885096,2791.948114115194,2827.1551853670535,2057261
2021-02-05,2776.081298828125,2818.189217864985,2750.632061413705,2812.1234575107587,2366135
2021-02-08,2825.441650390625,2835.902581505412,2773.619886265713,2803.8162689744304,2526592
2021-02-09,2792.739013671875,2853.307534257828,2781.3990087439984,2808.650389676699,2658751
2021-02-10,2824.73828125,2830.1005223957927,2775.5099672593133,2799.860358220309,2127983
2021-02-11,2818.321044921875,2830.0128127044054,2799.904423500234,2826.23273843538,1165882
2021-02-12,2804.959228515625,2853.044702531853,2797.2233071811297,2799.157233860146,2777404
2021-02-15,2760.16943359375,2820.9575097276024,2752.873053078697,2820.9575097276024,2630853
2021-02-16,2732.87451171875,2784.6080623380185,2725.1385915030614,2769.0924397531107,3435770
2021-02-17,2701.49169921875,2754.0165516150078,2677.2730841859975,2729.6221641004277,3678426
2021-02-18,2687.64599609375,2723.292394683918,2664.482232638335,2694.3708489067953,4189909
2021-02-19,2700.39306640625,2713.842774296299,2651.4283004060762,2688.217762764799,3725028
2021-02-22,2600.705078125,2721.622151723607,2587.2551582887345,2721.622151723607,5366696
2021-02-23,2619.825439453125,2661.8453662965508,2609.100742129512,2610.8588962684134,3832829
2021-02-24,2591.6064453125,2640.175439363058,2567.915153442922,2612.6162953530884,3774549
2021-02-25,2633.099853515625,2663.5157944025145,2609.496545982808,2614.375467131979,4224073
2021-02-26,2544.312744140625,2612.924750692814,2531.7418994246586,2602.068063297566,5553153
2021-03-01,2570.5966796875,2606.463060851563,2550.9054425793493,2572.179061062959,3265871
2021-03-02,2642.81298828125,2659.2076870166584,2591.518764074416,2602.06768713035,3306469
2021-03-03,2689.1845703125,2693.49196181922,2634.505808531232,2667.9987284991294,3509857
2021-03-04,2680.92138671875,2708.8320846205593,2651.3405281757014,2657.4500710919388,3916760
2021-03-05,2644.307373046875,2692.7883793543356,2634.2419852330613,2651.383985179007,3203686
2021-03-08,2643.340087890625,2666.2400827282695,2633.714239318792,2651.2957762968877,2003125
2021-03-09,2682.020263671875,2696.0415006414014,2630.28670456108,2643.340870863011,1942397
2021-03-10,2699.6015625,2719.161026418552,2689.9757119446654,2703.161867395375,3053778
2021-03-12,2688.173095703125,2740.0826282639473,2673.580548301813,2703.1613993941733,2938317
2021-03-15,2695.3818359375,2724.2596010016764,2673.2731354133907,2673.2731354133907,3097083
2021-03-16,2733.97412109375,2761.181517831595,2689.9762637900926,2689.9762637900926,4894756
2021-03-17,2736.523193359375,2773.4884307403163,2712.2167958121513,2729.534572883893,3838390
2021-03-18,2669.317626953125,2765.9721116380324,2625.8473070733103,2747.951031001596,3656306
2021-03-19,2681.360595703125,2724.259595798463,2641.6263586235505,2663.603283404112,5776626
2021-03-22,2751.203369140625,2759.8183670461376,2653.6258178158228,2680.04212576032,2821646
2021-03-23,2762.587158203125,2785.794702569668,2745.225389387804,2760.3014724104632,3305973
2021-03-24,2743.687255859375,2771.1144147890072,2734.940268188996,2734.984264961801,2207104
2021-03-25,2694.239013671875,2752.258091028489,2681.1846354192803,2735.8631775195627,3179786
2021-03-26,2695.9541015625,2740.9628129763273,2675.076017275076,2716.9199648021604,3697370
2021-03-30,2776.608642578125,2802.89295847513,2690.76664657172,2710.1943337083953,4694008
2021-03-31,2793.574462890625,2817.4413135999807,2753.268703337017,2773.4874709541155,3530069
2021-04-01,2782.278564453125,2826.232412232795,2764.697025341257,2805.2225588414717,4285076
2021-04-05,2847.2421875,2868.4280273958516,2769.9714110708946,2787.5529497003513,5317862
2021-04-06,2869.922119140625,2878.976653524238,2839.4181956895536,2878.976653524238,2291562
2021-04-07,2875.812744140625,2881.219197086175,2843.6386509952085,2864.912273928864,2491268
2021-04-08,2916.20556640625,2931.7211863879143,2871.1088827444364,2874.5811932499187,2578118
2021-04-09,2920.51318359375,2948.7316374728152,2907.986337972195,2948.42387471546,2911129
2021-04-12,2853.96728515625,2934.4468220123777,2824.649983332408,2920.5133666529578,3791828
2021-04-13,2728.698974609375,2825.35344676723,2701.4475879106244,2825.35344676723,8654596
2021-04-15,2829.704345703125,2845.791494767581,2714.1057414674506,2778.146574984524,6062760
2021-04-16,2808.782958984375,2854.3631900125724,2797.7507136681297,2838.5398030645506,3224657
2021-04-19,2779.4658203125,2803.3766728107203,2755.9945063330647,2785.7951320593206,2679106
2021-04-20,2764.3017578125,2835.331225793192,2748.302598557501,2835.02346298085,3141893
2021-04-22,2741.66552734375,2767.3345341010545,2729.753990475635,2767.3345341010545,1988980
2021-04-23,2733.490234375,2741.8414668003297,2717.271304851599,2729.534387436686,1615309
2021-04-26,2725.841796875,2771.7295698556877,2714.6335659788188,2726.9406430412923,2490260
2021-04-27,2753.269287109375,2756.873588817901,2727.7760529694733,2730.4132840873945,1471417
2021-04-28,2746.324462890625,2769.9715476659917,2735.6875456479106,2769.0484739187477,1639037
2021-04-29,2738.54443359375,2775.5536585645473,2729.9734334404593,2765.2245045336585,1621395
2021-04-30,2668.570068359375,2753.3132218090022,2654.812598851763,2724.259683391263,3072305
2021-05-03,2669.75634765625,2685.579730684835,2640.746812103844,2659.119432106354,1545831
2021-05-04,2680.96484375,2716.3476898721206,2667.998459146241,2692.4368405095456,1990777
2021-05-05,2721.358154296875,2724.6106957094466,2683.294083870649,2698.765922236356,1939289
2021-05-06,2735.2041015625,2755.027330929211,2702.282710681683,2729.9736363116353,1791671
2021-05-07,2754.06005859375,2777.751353813853,2735.5116639367457,2754.148052135079,1912540
2021-05-10,2765.135986328125,2781.574679040867,2747.114912502111,2765.531527951855,2137153
2021-05-11,2745.005859375,2749.8407827575666,2717.358716701784,2747.1155582763954,2415625
2021-05-12,2714.238037109375,2742.720044026913,2699.2937291771773,2742.720044026913,1978558
2021-05-14,2682.503662109375,2723.820284137604,2672.3942758684257,2723.820284137604,2043935
2021-05-17,2698.54638671875,2703.337313029576,2668.8775405417787,2685.580002093259,2890462
2021-05-18,2715.29248046875,2746.235941106845,2705.798408043172,2725.1380977692766,2098538
2021-05-19,2709.31494140625,2740.961709054084,2696.216781754915,2711.073095164463,1986041
2021-05-20,2689.975341796875,2715.2927997021698,2683.030720062466,2696.2168736987255,2329027
2021-05-21,2707.996337890625,2714.765186965572,2685.6678709113507,2690.854338673333,1685566
2021-05-24,2708.876220703125,2729.5345335983134,2700.524987830602,2708.876220703125,1652260
2021-05-25,2750.835693359375,2763.4238143068287,2722.6560562425266,2731.4014013703236,1841613
2021-05-26,2790.14599609375,2795.887946061966,2741.825321802558,2756.135984743549,1923753
2021-05-27,2809.138916015625,2842.4863984305903,2793.061497428676,2793.193917714031,5959785
2021-05-28,2776.98388671875,2825.0395068850357,2769.960867380018,2817.530802754791,1763701
2021-05-31,2790.720703125,2800.6146992644194,2763.7337050232063,2782.637888857994,1652799
2021-06-01,2785.287841796875,2800.261039677647,2766.736923725916,2799.068610059735,1377441
2021-06-02,2764.48388671875,2790.9851945829346,2751.7191332311404,2783.388282396119,2240078
2021-06-03,2774.908203125,2786.657161213381,2758.4773034623645,2786.657161213381,1281706
2021-06-04,2777.116455078125,2788.6887800926147,2760.5531362605616,2763.2032672713717,1836060
2021-06-07,2811.96533203125,2818.369814617938,2768.149966770133,2778.220377259856,2559821
2021-06-08,2826.938720703125,2854.190986460442,2815.499032089733,2825.039546487309,2574057
2021-06-09,2827.02685546875,2844.4735488194283,2814.615367191973,2828.572765006152,1710925
2021-06-10,2841.646484375,2848.006754091697,2820.622073763892,2835.6394791049465,1874324
2021-06-11,2891.99951171875,2923.0943373291366,2836.523395939516,2837.0092963972816,3452954
2021-06-14,2894.252685546875,2922.8298057031197,2888.952422877845,2896.5935486250673,1847360
2021-06-15,2882.23779296875,2913.3768266679754,2872.344015466035,2913.3768266679754,1304985
2021-06-16,2892.48583984375,2910.4624340933915,2873.6256528423087,2881.6644705700587,1635552
2021-06-17,2930.82373046875,2946.9895709854272,2879.808714137028,2884.6672871210017,2273413
2021-06-18,2912.75927734375,2966.380222751199,2893.0599254050558,2960.1081592410437,3380431
2021-06-21,2891.381591796875,2902.7770698023915,2872.4771929821286,2884.226151218749,1130569
2021-06-22,2916.2041015625,2939.03948321946,2901.893437333948,2918.6776002896086,1708688
2021-06-23,2881.046142578125,2940.762524016195,2876.629256840642,2940.762524016195,1467104
2021-06-24,2980.160888671875,2988.464546637038,2896.1516453294503,2901.010219082481,4155204
2021-06-25,2986.521240234375,3003.172768596496,2959.313183355254,2981.6184543641257,2722861
2021-06-28,2947.608154296875,2995.973044219031,2944.2954906035766,2995.973044219031,1355238
2021-06-29,2951.229736328125,2973.711634794395,2938.5531918306488,2952.2455334730284,1497322
2021-06-30,2955.55908203125,2987.5815035282635,2949.1545977318474,2955.779926317436,1693146
2021-07-01,2951.804443359375,2969.913673073236,2943.7216295348694,2966.380164836385,990310
2021-07-02,2937.626220703125,2950.21434389237,2910.9040644592897,2942.529006552582,1682274
2021-07-05,2933.694580078125,2980.5135541052673,2916.9104195778286,2952.2454943152948,1972858
2021-07-06,2881.84130859375,2939.8791439938736,2876.364413418277,2926.6284867943823,2159420
2021-07-07,2893.015625,2899.8617971333256,2863.555129801397,2893.0598369861177,2640710
2021-07-08,2878.484130859375,2913.3775244972285,2854.986214952416,2913.3775244972285,2485811
2021-07-09,2834.006103515625,2899.2435873844856,2827.6900436373367,2870.9755207189455,6365067
2021-07-12,2820.71142578125,2858.608216049346,2816.5153846730195,2857.7248389739293,1892226
2021-07-13,2815.807861328125,2839.173135378925,2804.7214389633127,2839.173135378925,1809339
2021-07-14,2839.659423828125,2846.2405389860573,2813.5555917661677,2815.3223456699457,2044279
2021-07-15,2835.587158203125,2861.1725983413016,2827.6637229336393,2857.410052686177,2232968
2021-07-16,2828.3720703125,2850.5490007565263,2825.893173423825,2844.4845758805604,1256526
2021-07-19,2819.342041015625,2832.798632124754,2811.72833250103,2815.269552063374,1597058
2021-07-20,2838.10986328125,2846.254623330196,2794.154355044804,2819.3414467844154,1811945
2021-07-22,2847.4501953125,2855.0636869502946,2824.122327250977,2824.122327250977,2859334
2021-07-23,2844.3515625,2869.759766579906,2838.8624999266235,2859.534453094165,1776193
2021-07-26,2830.806884765625,2854.4444836916996,2824.8753848312026,2832.9758386643216,1259611
2021-07-27,2817.881103515625,2841.8286435684886,2798.581414048037,2832.97559483463,1121367
2021-07-28,2831.027587890625,2836.91477805401,2773.1285272482296,2822.3515580665385,1660654
2021-07-29,2829.257568359375,2855.506773355142,2824.3883911930243,2833.1971321116425,1731997
2021-07-30,2804.158935546875,2853.7803179466428,2799.644010283248,2849.7964459346185,2999943
2021-08-02,2850.150146484375,2855.019322815732,2803.760262073905,2815.2692243116567,2608669
2021-08-03,2908.137451171875,2912.6525917970707,2849.751646852832,2858.64900270904,3804735
2021-08-04,2898.443603515625,2926.109378484922,2887.1559673281517,2921.505836757805,2929598
2021-08-05,2907.297119140625,2934.7858807994226,2888.3073713749973,2899.3736831427177,2534521
2021-08-06,2930.181884765625,2942.753169760051,2890.5201863016146,2897.2042808024594,2292362
2021-08-09,2941.602294921875,2954.26219713046,2930.3589668869713,2942.6646174826997,1510489
2021-08-10,2951.517333984375,2965.6822095736366,2935.316430440236,2935.316430440236,2040777
2021-08-11,2960.63623046875,2974.6240893547983,2945.4976482687453,2965.771041469814,1929707
2021-08-12,2967.3203125,2981.706515253226,2944.523714291042,2944.523714291042,1310205
2021-08-13,3066.164794921875,3080.86094219364,2972.4110958089495,2975.288336631401,4363584
2021-08-16,3074.618896484375,3093.5645466358237,3042.3495835876647,3063.154243914832,2083489
2021-08-17,3145.5322265625,3152.39333868331,3065.8104870148636,3082.7198949552444,4336019
2021-08-18,3152.172607421875,3182.6713199583683,3130.969596932548,3163.947206576067,2631309
2021-08-20,3151.2421875,3164.9644108196376,3098.5665560471975,3103.878384428993,2836148
2021-08-23,3220.208251953125,3251.725195737372,3153.367725876846,3169.3918324910946,3744176
2021-08-24,3198.782958984375,3246.722339074466,3182.1391870835214,3237.5593488015643,2511141
2021-08-25,3239.330078125,3273.6356371649954,3193.338539620441,3195.950145403457,2123263
2021-08-26,3250.706787109375,3264.6503388708297,3229.503562472118,3240.2158378999643,1902533
2021-08-27,3293.466796875,3301.7444837926687,3232.336669047164,3245.527625039261,3944728
2021-08-30,3276.779052734375,3311.3502521292385,3264.6504188945714,3288.907686574179,2033114
2021-08-31,3352.162109375,3367.787867811746,3278.681815520326,3283.9493355267155,3207480
2021-09-01,3288.86328125,3378.943051708718,3281.8251507662603,3360.6172841404705,2643336
2021-09-02,3396.693603515625,3416.524346986112,3295.1048653900193,3305.7285242789717,3403717
2021-09-03,3401.385986328125,3414.5326353840055,3368.1870501179606,3386.2914934367886,1746812
2021-09-06,3410.194580078125,3432.858472673352,3376.552992839556,3408.1583355174844,1723693
2021-09-07,3378.234375,3426.0851408991393,3371.461879985868,3420.817620761608,1585039
2021-09-08,3341.273193359375,3377.4379827229823,3325.2049968827055,3373.0114584992302,4147175
2021-09-09,3356.54443359375,3371.860249411292,3333.172474016351,3355.0394587057644,1441148
2021-09-13,3404.30712890625,3410.5483552564024,3334.94340668906,3334.94340668906,1691473
2021-09-14,3440.2060546875,3449.5903726199604,3386.291075393648,3408.3793883308576,1991188
2021-09-15,3500.98291015625,3523.5138790444676,3422.5891096447012,3436.8426065154977,2461369
2021-09-16,3455.610595703125,3525.062720600188,3445.6952242336656,3479.2481928696525,2946666
2021-09-17,3388.814208984375,3492.527584251267,3368.584906990132,3470.3949633117786,6477148
2021-09-20,3384.962890625,3427.014868473748,3371.1079570103802,3372.1259710711715,2002008
2021-09-21,3419.887939453125,3427.5016467557025,3383.3248100645906,3415.505724170102,1568129
2021-09-22,3419.180419921875,3449.900674541708,3410.5930051503906,3419.4903631093684,1744067
2021-09-23,3425.465576171875,3434.0972979183825,3395.143886959783,3426.12955476776,2003869
2021-09-24,3427.28076171875,3491.996417565266,3412.8502492141406,3443.835919440469,2320754
2021-09-27,3396.8701171875,3456.229845648555,3366.725446335667,3452.688626544407,1673362
2021-09-28,3345.69970703125,3408.4236415395485,3320.9997883961637,3408.4236415395485,2253075
2021-09-29,3356.987548828125,3369.470434317807,3295.2375323295264,3328.5693913486634,2489161
2021-09-30,3342.51220703125,3368.584387247486,3319.9812456189534,3368.584387247486,2252412
2021-10-01,3302.364013671875,3373.0113819065105,3297.760471811483,3348.001520610222,1578374
2021-10-04,3340.52099609375,3349.6837720532653,3282.2235824322406,3297.583708781848,1356860
2021-10-05,3393.638916015625,3399.5704149180474,3312.4565094913187,3323.4342025006117,1877966
2021-10-06,3373.80859375,3415.0195829652303,3359.732331307594,3396.029834755186,1678154
2021-10-07,3446.40283203125,3451.8032775514416,3381.908509606429,3390.7172487873872,1647233
2021-10-08,3484.249755859375,3532.2775413447675,3452.688726138807,3474.8213461781584,2934339
2021-10-11,3262.879150390625,3326.5324730670955,3240.215263187111,3324.319211275301,11845402
2021-10-12,3233.8857421875,3281.8249109047315,3214.1877102836343,3280.9396061000634,5752877
2021-10-13,3235.96630859375,3253.8937321613757,3226.9362421726487,3231.362766510334,3545655
2021-10-14,3203.36865234375,3255.30274904869,3200.4858910537205,3215.3875927252047,6442299
2021-10-18,3235.03466796875,3239.9575806125013,3194.498652086735,3196.2726590535945,3590107
2021-10-19,3223.50390625,3273.1319287564406,3215.5652676856744,3254.4160669882417,3135441
2021-10-20,3201.062744140625,3219.8227819927815,3173.964743256937,3203.8567186109995,2933693
2021-10-21,3133.339599609375,3199.820463019318,3114.490776823331,3196.849131476955,4871211
2021-10-22,3103.492431640625,3159.1519039386526,3091.2073459542025,3157.7326116490563,2691670
2021-10-25,3098.2587890625,3117.4181510183253,3060.1620325763606,3107.1732174246354,2595594
2021-10-26,3089.07861328125,3130.235490892572,3082.337299759617,3099.6338687798507,3878763
2021-10-27,3095.4208984375,3114.491476363256,3089.433623972437,3089.433623972437,2510813
2021-10-28,3035.01513671875,3120.478002048936,3029.116650652961,3120.478002048936,2424942
2021-10-29,3013.816162109375,3069.9191338563896,3003.3494774292535,3015.856313483621,3960501
2021-11-01,3083.579345703125,3092.9816708421895,3027.2990084532134,3049.4740992966476,2020718
2021-11-02,3090.497802734375,3116.575837687412,3077.6806444276945,3099.190481052054,3087414
2021-11-03,3097.637939453125,3122.1634993420716,3074.398491314584,3108.237587853043,1537639
2021-11-04,3112.1845703125,3116.2648728066724,3108.947094339255,3115.9987284607782,328991
2021-11-08,3106.9521484375,3147.089065064949,3087.8371757716013,3147.089065064949,2526082
2021-11-09,3109.56884765625,3135.558099543106,3100.96495502198,3111.608999490019,1782692
2021-11-10,3090.586669921875,3121.986510569045,3086.94986856028,3102.7385758648256,1516489
2021-11-11,3094.045654296875,3113.426767950228,3047.744113577115,3086.7722686985917,1284514
2021-11-12,3127.619140625,3134.803739975808,3091.828458130939,3109.8346748298673,1747259
2021-11-15,3151.7900390625,3166.2482415297136,3129.348803932194,3129.348803932194,1809157
2021-11-16,3154.53955078125,3171.525799838451,3141.7667854235606,3165.7158828844404,2013204
2021-11-17,3123.937255859375,3160.260219123125,3110.188702860013,3149.3944272365325,1632914
2021-11-18,3082.958251953125,3123.0065929021084,3061.5815959383253,3117.9504993315195,2136598
2021-11-22,3067.612548828125,3118.6596390883306,3051.557916817855,3085.352617272779,3167936
2021-11-23,3072.802490234375,3087.615408340092,3022.731175942812,3055.7276694399716,2153461
2021-11-24,3054.21923828125,3098.347663033605,3037.100027177156,3079.853553174247,2161746
2021-11-25,3056.525634765625,3071.6934830271994,3046.014771982266,3054.7516275562534,1849619
2021-11-26,3057.367919921875,3095.642032063638,3026.3669761859983,3037.986807970762,1941251
2021-11-29,3106.28662109375,3130.5462562837033,3021.5333834239445,3057.6343867946935,2981745
2021-11-30,3130.368896484375,3161.0593099027783,3096.5297932993612,3096.5297932993612,5588446
2021-12-01,3173.521240234375,3184.3426398781166,3135.5574462309587,3135.5574462309587,2102118
2021-12-02,3231.26513671875,3235.7889414326537,3170.2394658907515,3183.633089526473,3152938
2021-12-03,3229.092041015625,3251.7106316157765,3220.5769368394936,3234.414062333308,2486263
2021-12-06,3136.799072265625,3244.658783850488,3124.026308562444,3229.091829206644,1849642
2021-12-07,3179.464111328125,3191.4386588251064,3126.06654283749,3159.950033925637,1484458
2021-12-08,3217.072998046875,3234.4139602705127,3194.099693371914,3194.099693371914,1428660
2021-12-09,3194.765380859375,3224.036501167103,3163.055000526003,3202.083160936307,1567957
2021-12-10,3225.854248046875,3230.466622758769,3171.1261775123917,3179.9074252032365,1510718
2021-12-13,3201.772216796875,3248.2069383784756,3194.7205820190884,3237.562895980731,1883864
2021-12-14,3214.32373046875,3224.258127606222,3172.5457737481966,3197.648019262842,1747007
2021-12-15,3166.91357421875,3213.614229855621,3156.0919564259625,3210.953218900731,1603233
2021-12-16,3176.891845703125,3200.7077599220047,3166.602518405637,3177.2465604843114,2072320
2021-12-17,3179.3310546875,3238.7602886798354,3169.884337561044,3195.4300814535413,4333992
2021-12-20,3154.982421875,3198.5343770244094,3113.5150114130224,3183.4553186745993,2312310
2021-12-21,3200.5751953125,3229.7575276974712,3163.4096138189643,3177.82342259873,2340989
2021-12-22,3220.48828125,3225.8546962749856,3198.756693316205,3214.501007023342,1224328
2021-12-23,3248.828125,3255.746796566607,3219.823149853367,3235.7892150592515,1792861
2021-12-24,3256.10107421875,3286.3479803080686,3232.950412710677,3268.607910238929,2209923
2021-12-27,3278.45361328125,3281.9128401940757,3240.312464057373,3256.1897395547167,1534135
2021-12-28,3287.72314453125,3304.088317180793,3276.458242438429,3290.783263554562,1456218
2021-12-29,3277.2119140625,3299.608753298073,3268.6080230926227,3275.0387987147183,1456923
2021-12-30,3311.849365234375,3317.3931371882327,3264.172926431202,3265.370467794672,1966475
2021-12-31,3315.929931640625,3335.1334725940915,3309.676513068789,3319.8770542748616,1207141
2022-01-03,3386.357666015625,3397.2234590635435,3321.8281603636997,3326.2631779342787,2346158
2022-01-04,3445.787109375,3449.689838451158,3380.9914554484494,3398.1994545927564,2488606
2022-01-05,3424.676513671875,3432.7039395803245,3381.6124454860555,3428.268921570531,1733031
2022-01-06,3377.221923828125,3401.658917117096,3345.777688491704,3381.2578336506826,1810293
2022-01-07,3418.06787109375,3428.1796240286867,3367.419886343486,3388.3532548535422,2460591
2022-01-10,3441.440185546875,3528.499481558679,3424.7200850422473,3528.499481558679,3937092
2022-01-11,3473.4169921875,3481.4888108289488,3420.285568039854,3420.285568039854,1906106
2022-01-12,3423.7451171875,3485.037152715186,3403.033713010251,3481.4891383067206,3203744
2022-01-13,3457.450439453125,3479.7143112420686,3421.1720872956053,3475.2792942764277,6684507
2022-01-14,3519.763427734375,3527.613496615076,3423.878463629816,3439.6671718235552,3348123
2022-01-17,3565.0,3586.1551199160176,3514.573981387204,3541.538800935803,3442604
2022-01-18,3539.67626953125,3585.002018651542,3530.2739457678194,3578.1277414958386,2389041
2022-01-19,3478.409912109375,3564.91152862164,3474.722465771417,3564.91152862164,3102539
2022-01-20,3400.128173828125,3483.164278875193,3386.3109864268777,3474.278655714797,6176776
2022-01-21,3406.30322265625,3422.3418138894167,3350.8570276785663,3382.756324156083,3112358
2022-01-24,3351.07861328125,3420.6528490636674,3323.3110488936,3412.0783119544003,3258414
2022-01-25,3349.790283203125,3384.888487297155,3307.4059130384235,3349.434945125185,3330501
2022-01-27,3242.585693359375,3317.3581176759967,3221.1270024404544,3315.2256551137434,5718297
2022-01-28,3278.8388671875,3314.159213319958,3239.6976603507437,3239.6976603507437,3143862
2022-01-31,3319.890625,3339.2168534626967,3306.6953891380213,3331.2197934091673,2739393
2022-02-01,3377.11376953125,3383.644788341221,3320.02364934981,3349.879425432354,2105169
2022-02-02,3426.47314453125,3433.4039723342744,3377.1134762316,3401.3267935830777,1984212
2022-02-03,3398.39501953125,3449.842683269199,3390.7977694626597,3421.8529744416446,1960538
2022-02-04,3389.775634765625,3398.483587159522,3348.990719148999,3390.1311897835267,2307366
2022-02-07,3357.87646484375,3404.7925911476827,3337.5727323379806,3368.539210961275,1919149
2022-02-08,3326.2880859375,3376.2697091125106,3306.33990816381,3369.028014039471,2946443
2022-02-09,3341.482666015625,3356.9435617136155,3328.642985453299,3332.1082913026003,1638721
2022-02-10,3350.1904296875,3367.4729203279344,3339.216600228163,3367.4729203279344,2112459
2022-02-11,3283.192626953125,3334.329421359059,3278.794287758808,3334.329421359059,3851488
2022-02-14,3317.6689453125,3370.538393520359,3296.565594137094,3309.005464303649,5951745
2022-02-15,3392.352783203125,3407.63600953311,3330.331098756218,3364.096462084056,3931683
2022-02-16,3388.176513671875,3424.6075628189806,3381.867635460556,3415.632998084702,3256906
2022-02-17,3362.496826171875,3407.6358265307354,3357.8763464040803,3398.750205079547,3134372
2022-02-18,3371.11572265625,3390.7085606865603,3338.8610914162996,3348.990612757656,3688883
2022-02-21,3304.91796875,3401.238235819317,3292.6115131522834,3385.421786187314,7465922
2022-02-22,3186.7392578125,3259.157074169786,3172.1669250983023,3243.2518982097486,5408531
2022-02-23,3166.658203125,3219.1721021582184,3159.4162905968537,3208.598298112839,2426203
2022-02-24,3022.57763671875,3095.6176259058466,3013.2034786967215,3086.8652011266936,5039136
2022-02-25,3128.4052734375,3136.6244735452315,3076.20224572623,3081.533618769083,2549723
2022-02-28,3158.1279296875,3166.61374262665,3070.7822164584545,3101.082276188568,3288942
2022-03-02,3150.974609375,3173.8995564350007,3115.2989255099646,3156.617065851155,2761341
2022-03-03,3149.419677734375,3179.8086775840598,3136.713412213718,3165.813823365856,1928039
2022-03-04,3131.60400390625,3164.347387967224,3098.460593342772,3111.3002726289433,2370257
2022-03-07,3096.55029296875,3152.6186540004137,3049.145630234379,3065.539559273232,3054130
2022-03-08,3198.77880859375,3206.820338281884,3074.424596967392,3074.424596967392,3300992
2022-03-09,3227.791015625,3246.806159231084,3196.2025871914693,3203.2666130344987,2719654
2022-03-10,3217.43896484375,3273.4628498933785,3212.152063616874,3273.4628498933785,2005441
2022-03-11,3198.06884765625,3234.2335060489636,3192.471078831925,3201.7120397828858,1623423
2022-03-14,3237.03173828125,3241.7856323016135,3181.0523258432268,3181.0523258432268,1765688
2022-03-15,3193.403076171875,3251.2485526079276,3185.850298719793,3251.2485526079276,3651133
2022-03-16,3248.49462890625,3259.246318858256,3213.263222620275,3234.8108570892805,3090475
2022-03-17,3263.46728515625,3296.5662318234804,3252.404727576451,3284.6595834202085,3600452
2022-03-21,3222.54833984375,3300.075388245015,3212.1522059664503,3284.1257408719225,2413831
2022-03-22,3288.524169921875,3297.4542632536477,3221.0379154660395,3234.366348219692,2907611
2022-03-23,3298.697998046875,3314.15910942593,3278.79429290694,3294.7884114089247,1596195
2022-03-24,3331.97509765625,3339.394461966447,3283.2373735512606,3287.6801846115463,1879046
2022-03-25,3294.2998046875,3358.320753023483,3262.80031885229,3340.904847554434,1690133
2022-03-28,3294.521728515625,3299.2311511378443,3253.2035899409116,3283.237032979891,1760990
2022-03-29,3292.433837890625,3307.228310863317,3279.6828843085714,3283.0149923595486,2689063
2022-03-30,3315.714599609375,3321.4457828944737,3293.1894591716236,3321.4457828944737,1583455
2022-03-31,3323.177978515625,3336.2397987692148,3305.628876005545,3323.222450010069,2168110
2022-04-01,3339.8828125,3343.6592014466246,3312.603999260616,3330.330769870303,1387014
2022-04-04,3350.1904296875,3358.7649677654217,3320.645737841415,3342.7708488713006,1472994
2022-04-05,3389.68701171875,3408.1691482536567,3351.656507431064,3351.656507431064,2314947
2022-04-06,3336.862060546875,3384.799946643338,3315.358682300862,3384.799946643338,2051729
2022-04-07,3273.5966796875,3328.1100630485403,3269.0206706596127,3328.1100630485403,2494829
2022-04-08,3274.929443359375,3292.1232100559987,3236.5880681859585,3278.7947760071893,2296773
2022-04-11,3284.48095703125,3298.6536964936704,3248.6720768870196,3278.794246196316,2291660
2022-04-12,3279.77197265625,3322.3340146067667,3241.7859391915695,3272.5745321735017,4483476
2022-04-13,3253.8701171875,3296.432374272563,3248.1834062092184,3293.89988537501,1621672
2022-04-18,3134.891845703125,3207.7094730408703,3129.960282212317,3207.7094730408703,3820792
2022-04-19,3084.998779296875,3166.4356288546082,3055.8983694740664,3154.3955685792644,3170014
2022-04-20,3160.43798828125,3171.4116009849918,3092.196369835976,3109.96761334078,2640370
2022-04-21,3224.281005859375,3237.9205218344946,3169.856573377936,3181.0525434049096,2280996
2022-04-22,3209.975341796875,3213.929400104954,3173.4998209772857,3182.0301046657846,1581465
2022-04-25,3152.7958984375,3184.6064639812757,3139.378741319467,3161.5038501242684,1960694
2022-04-26,3151.10791015625,3188.071964429589,3126.094756154156,3176.7427973254776,1943469
2022-04-27,3164.34765625,3170.7897321857427,3115.5656783516138,3150.841554226717,1727648
2022-04-28,3184.873046875,3202.7330141868824,3143.777051447349,3188.1606831223926,1703660
2022-04-29,3151.46337890625,3219.4828558444133,3142.7111717645585,3196.1580990746857,2051115
2022-05-02,3147.642578125,3152.574141608423,3103.525552683142,3127.6499290847396,1324161
2022-05-04,3091.973876953125,3150.3523618271915,3079.1341983708458,3144.176898799808,2305825
2022-05-05,3121.874755859375,3139.290664035557,3096.9507564301393,3120.7197983953106,1612262
2022-05-06,3050.078857421875,3087.309528817,3042.8814164437517,3073.536813981293,2010812
2022-05-09,3061.185546875,3070.8707875272926,2973.8843157191677,3019.3341828755033,2481830
2022-05-10,3055.543212890625,3078.6903011908057,3040.6597962956653,3051.32254251295,1622685
2022-05-11,3031.774658203125,3064.1627116191953,3005.2509859818156,3052.211591713873,1841769
2022-05-12,3028.79736328125,3065.2728838583857,2976.772221615572,3001.5630194609157,2807195
2022-05-13,3034.35107421875,3056.5651299816745,3005.2506611693193,3052.2112618257966,2187823
2022-05-16,3000.49658203125,3047.7680429845973,2991.4332918791674,3034.4396113097378,1195813
2022-05-17,3066.9609375,3080.644706648595,2977.0382821780336,2994.4541855799725,1754076
2022-05-18,3064.472900390625,3105.524424503682,3059.3636685048177,3078.867562490775,1866781
2022-05-19,2898.445068359375,3025.553918820275,2870.0555529484545,3018.445422094706,4642963
2022-05-20,2926.03515625,2944.6060183878694,2905.6426983201104,2941.140712780899,3065125
2022-05-23,2951.581298828125,2966.8200528085695,2902.9325214936357,2936.5202138894765,2293690
2022-05-24,2921.5927734375,2954.3363801932683,2910.5746879512376,2945.7171525393956,1711510
2022-05-25,2833.613525390625,2945.6110559752246,2821.4478094645397,2945.6110559752246,3548046
2022-05-26,2886.66015625,2899.6758667069867,2845.153237526035,2854.501215690882,2813186
2022-05-27,2917.387939453125,2933.1318451391644,2888.672876025808,2910.1420170120946,3103153
2022-05-30,3019.321533203125,3029.4747349681716,2939.7963456033503,2949.3231893846983,2094624
2022-05-31,3009.571044921875,3026.612000510551,2974.3705125505267,3000.446485475332,4840965
2022-06-01,3001.385986328125,3030.727190529451,2987.8336778962866,3030.727190529451,1493835
2022-06-02,3062.0361328125,3070.0870604184925,2993.424382338286,3001.2069020116674,2657939
2022-06-03,3077.3779296875,3110.6105050464353,3069.37177211008,3094.5979714961795,1913622
2022-06-06,3069.1484375,3088.8732582845537,3021.021726779004,3057.564088275877,1084210
2022-06-07,3008.095458984375,3058.3244425730218,3002.1020331693508,3042.401450088687,2308256
2022-06-08,3045.174072265625,3053.940682272369,2993.6034913799344,3023.704930238696,2185707
2022-06-09,3065.703857421875,3074.5597904085103,2999.5073417133417,3028.043319910622,1279197
2022-06-10,3005.590576171875,3035.200190885872,2998.523737061433,3025.3601666890713,1527582
2022-06-13,2880.08544921875,2945.7451536237168,2855.7983516097243,2943.0615109086025,3030921
2022-06-14,2871.989990234375,2897.350284976145,2839.9203697482353,2853.6069924191734,2611493
2022-06-15,2868.18798828125,2892.966912903787,2863.4468423639523,2879.101425225986,1404536
2022-06-16,2810.668212890625,2902.6725095727124,2802.6620565361654,2898.3338668891233,2032028
2022-06-17,2763.168212890625,2789.8705482213513,2704.9780616232238,2765.94139802819,5240434
2022-06-20,2784.189697265625,2807.7611124816544,2745.3664210931734,2767.7301097628797,1502769
2022-06-21,2873.241943359375,2896.321313698456,2795.8188096638946,2799.9338157288753,2964461
2022-06-22,2883.082275390625,2907.771877636186,2847.345140817848,2862.462908590004,3336315
2022-06-23,2959.87890625,2968.108699833873,2883.0819135631095,2883.0819135631095,3692578
2022-06-24,2945.83447265625,2992.2614007537363,2931.879444236284,2986.894115729963,2132118
2022-06-27,2965.156494140625,3008.2736390828145,2957.821248469196,2996.734063926147,2037686
2022-06-28,2968.2431640625,2978.8436409537917,2927.4966937802037,2958.2690452354923,1400046
2022-06-29,2943.5087890625,2981.5270609163695,2926.065111388372,2926.065111388372,2133994
2022-06-30,2922.575927734375,2961.75692953808,2911.7518167257285,2926.959122680978,2719603
2022-07-01,2965.5146484375,2981.526962105953,2909.1133821479257,2916.2249914387658,1502879
2022-07-04,2893.90576171875,2968.063657707223,2884.960287249917,2962.7411440773417,2622535
2022-07-05,2877.13330078125,2926.9595551529096,2868.7691939118813,2911.752246950709,2170627
2022-07-06,2916.896484375,2923.8292292201754,2864.565442640449,2879.1018431222687,2182144
2022-07-07,2941.13818359375,2969.3609834462977,2920.7424562325778,2926.064970356502,1989921
2022-07-08,2921.10009765625,2956.479495050684,2907.27938242503,2952.006757539261,2136916
2022-07-11,2785.442138671875,2884.9157801887623,2778.464624268619,2868.053471913843,6974600
2022-07-12,2759.410888671875,2805.480089247644,2755.4301956021764,2786.4261820294582,3734815
2022-07-13,2718.30615234375,2782.0426602349858,2714.951599296843,2776.675375359934,3863530
2022-07-14,2689.605712890625,2741.850659210218,2661.1288537378855,2740.9537502605253,4764908
2022-07-15,2685.883056640625,2716.6468518893935,2648.571564686502,2707.3639776191076,4574806
2022-07-18,2747.679931640625,2759.743310428452,2703.5520653201875,2711.3551275827026,3202795
2022-07-19,2757.322265625,2761.5376937826195,2717.6789348920574,2717.6789348920574,1865074
2022-07-20,2838.537353515625,2844.950164613829,2778.668683955497,2787.4135458013584,3402251
2022-07-21,2849.74853515625,2855.757780661632,2819.9263158701324,2840.5103301995564,2420640
2022-07-22,2844.09814453125,2867.4177761168103,2819.4331495849838,2856.654869231167,2075886
2022-07-25,2840.2861328125,2857.9551935626573,2824.4557790199847,2838.716542307275,1797504
2022-07-26,2794.678466796875,2842.2146404168366,2777.27852102286,2838.4476666790706,2639367
2022-07-27,2860.10791015625,2864.8166816784224,2789.386558848772,2793.871103155603,1389808
2022-07-28,2924.37109375,2927.5102744977767,2871.587924159354,2884.4586528139857,2106333
2022-07-29,2961.503173828125,2975.3157011729186,2937.376413925399,2950.8300463555915,2430257
2022-08-01,2958.722900390625,2984.0156856722806,2933.78879105321,2984.0156856722806,1306913
2022-08-02,2952.444580078125,2971.369225326498,2934.371735466329,2950.8301003625766,1269114
2022-08-03,2995.226806640625,3003.7474398680797,2939.2148983239913,2941.860735373933,2895824
2022-08-04,3009.084716796875,3038.6378236788,2966.391981042171,3004.645061172511,2150567
2022-08-05,3018.143310546875,3028.861328010929,3009.129332388708,3014.6901237242273,1106933
2022-08-08,3026.57421875,3030.565419593508,2992.08811505521,3018.0984733695386,1068836
2022-08-10,3008.45654296875,3036.0364904074586,2991.1910474176884,3036.0364904074586,1878359
2022-08-11,3069.670166015625,3075.2309564153497,3027.1118900503357,3049.489719343499,1449248
2022-08-12,3050.880615234375,3066.531632271564,3032.673320157422,3066.531632271564,1472354
2022-08-16,3042.942626953125,3062.8092894639904,3038.278744703972,3059.3561027853134,839942
2022-08-17,3050.4765625,3065.58934417508,3023.569298894891,3036.1260219106084,1622326
2022-08-18,3032.673095703125,3042.3148659889093,3015.4076000750924,3040.5210482613215,1430659
2022-08-19,3036.708984375,3068.7734741310087,3023.7038067117237,3037.830120380455,1398410
2022-08-22,3008.7255859375,3035.22928589152,3002.3125563634576,3018.0982394990715,1536532
2022-08-23,2945.987060546875,2997.3797653396714,2932.8921030180345,2977.6926587789303,1849256
2022-08-24,2919.752197265625,2966.974358766676,2915.132985487199,2952.6238177327377,1691923
2022-08-25,2886.43212890625,2940.2017727488737,2883.337837048458,2938.2735062355546,1946930
2022-08-26,2890.02001953125,2921.2324952677013,2885.1767987152125,2900.8727055826316,1457962
2022-08-29,2809.61181640625,2818.7153534977124,2763.376122142402,2802.840110903929,2539173
2022-08-30,2880.10888671875,2893.876525731647,2818.1775032098362,2829.7475402706787,3431525
2022-09-01,2808.849365234375,2861.139194303962,2799.252484458516,2861.139194303962,3546935
2022-09-02,2807.68359375,2836.922912111712,2798.624945047044,2836.922912111712,2052900
2022-09-05,2810.373779296875,2823.4238453556204,2791.404246893078,2801.6289190166253,2147912
2022-09-06,2804.67919921875,2817.0565866260768,2786.113227593717,2812.258036114902,1936453
2022-09-07,2824.904541015625,2835.9363460187997,2782.211587036487,2782.211587036487,1291534
2022-09-08,2842.886962890625,2855.3092376764303,2834.3216588095115,2843.2009685673893,1346113
2022-09-09,2885.9384765625,2900.1545684530834,2841.855497183731,2865.6235800858517,1561185
2022-09-12,2908.63037109375,2932.7124601440546,2892.530901806751,2905.894755438751,1785928
2022-09-13,2896.432861328125,2927.017323620031,2892.5312200007593,2927.017323620031,1972678
2022-09-14,2798.714111328125,2817.549195989468,2792.794644674827,2811.8090673004745,5090269
2022-09-15,2784.3193359375,2814.2760067345016,2780.417694487118,2807.3249624982836,2138023
2022-09-16,2698.529296875,2775.3496622556345,2690.726234589064,2758.8912991986535,5322221
2022-09-19,2716.55712890625,2728.396280015299,2679.7838720092655,2723.0148277864723,2072220
2022-09-20,2726.871826171875,2762.434171951961,2717.6336218806787,2735.571797602663,1544295
2022-09-21,2691.802490234375,2727.858178103322,2689.066874759079,2715.8396884709605,2253818
2022-09-22,2697.364013671875,2717.5893552262605,2672.161002391789,2681.7578848072503,2017983
2022-09-23,2674.626953125,2710.9068705929853,2671.891337467826,2694.3140576546994,2652374
2022-09-26,2685.70361328125,2713.9115701152955,2624.4449176434205,2654.715589532401,2925489
2022-09-27,2706.378173828125,2713.1498809617724,2669.201337435449,2699.158012168699,2227447
2022-09-28,2722.70166015625,2735.527502376919,2672.788762960207,2672.788762960207,2739767
2022-09-29,2688.3046875,2740.8187395314417,2681.757209715352,2739.1593707259813,2493902
2022-09-30,2694.807373046875,2708.3954537489426,2645.970732786134,2682.519766307639,2817353
2022-10-03,2677.228515625,2709.2930128525054,2667.4074057231282,2686.242495003621,1763331
2022-10-04,2772.4794921875,2778.6234049291743,2711.355246320495,2717.588718557192,2145875
2022-10-06,2782.16650390625,2801.94338884146,2773.6458694011303,2790.2835732028752,1790816
2022-10-07,2748.935302734375,2784.901428090073,2742.8364989388992,2778.08483459039,1939879
2022-10-10,2797.054931640625,2804.633767069704,2695.210895441145,2699.6954393603482,3064063
2022-10-11,2753.1064453125,2820.7781703423966,2738.5765665760173,2780.417274423348,4730645
2022-10-12,2781.090087890625,2789.296716194542,2746.3797595487877,2766.8739951763155,1665247
2022-10-13,2783.376708984375,2789.3859532565075,2737.6792562133355,2781.0895480900695,2054781
2022-10-14,2779.65478515625,2825.2626846544204,2754.4068903408647,2820.7781407105244,2245977
2022-10-17,2798.1796875,2813.1517831173023,2761.9406650733536,2763.0196974490686,1517005
2022-10-18,2827.80908203125,2837.386015099938,2813.2866025480944,2832.5750458574003,1793722
2022-10-19,2807.261474609375,2840.6677838083356,2798.403970627268,2840.6677838083356,1194289
2022-10-20,2839.13916015625,2841.5670374514175,2792.1093833185605,2792.1093833185605,1587601
2022-10-21,2821.24462890625,2841.9269226796287,2811.8927230154723,2839.5890559762415,1021913
2022-10-24,2843.095703125,2857.753197352684,2837.0709054901563,2850.6493675283837,260949
2022-10-25,2843.45556640625,2863.373425161377,2833.6088212517743,2860.0013123108297,2069643
2022-10-27,2839.22900390625,2854.1563112448976,2818.501925922069,2842.1965071167756,2438421
2022-10-28,2844.489501953125,2858.2027604387918,2828.0785532735567,2832.574703596726,1355739
2022-10-31,2871.376708984375,2876.6372932566983,2857.573657696762,2876.6372932566983,1919414
2022-11-01,2931.220458984375,2933.8283581273604,2880.6387633413156,2890.575300348696,2991060
2022-11-02,2915.034423828125,2940.4826817707453,2897.3646386476103,2940.4826817707453,1405955
2022-11-03,2883.60595703125,2902.7596009654008,2873.040003965025,2902.7596009654008,1422652
2022-11-04,2893.18310546875,2895.566197178931,2847.097558550178,2892.823501210687,1464013
2022-11-07,2907.840576171875,2916.0236585887765,2873.1304231020613,2903.6142382524736,1474498
2022-11-09,2891.968505859375,2922.317516475152,2879.019462940174,2922.317516475152,1162267
2022-11-10,2882.616943359375,2900.0171339786884,2850.5594774302144,2850.5594774302144,1573092
2022-11-11,2981.802001953125,3004.8673857085314,2927.038976756328,2940.1228186004687,3265394
2022-11-14,2999.382080078125,3011.5216867580993,2975.552481780397,2989.0409336470357,1342074
2022-11-15,2996.774658203125,3003.3838684628918,2960.2658241961917,2986.3435000472514,1400708
2022-11-16,3017.232177734375,3028.5173412569106,2986.74814184375,3002.439665125464,1748235
2022-11-17,3011.521728515625,3021.413260021648,2983.4207867371497,3003.428657283424,1417986
2022-11-18,3006.5302734375,3023.8854550397373,2986.342605363755,3012.420273402162,1164540
2022-11-21,2952.6220703125,2997.7633779898833,2943.180154144301,2987.6920446515246,1304194
2022-11-22,2980.90283203125,2984.4997524987552,2927.2188379614577,2949.474783354145,1149739
2022-11-23,2974.92236328125,2994.435608473804,2959.365641888075,2994.435608473804,1150011
2022-11-24,3039.532470703125,3051.0426596485013,2974.9229211016186,2982.0717563383823,1296591
2022-11-25,3048.07470703125,3060.3943329562003,3010.621867492711,3042.094915689319,1588981
2022-11-28,3053.11083984375,3072.669093511846,3026.403751156413,3026.808360772863,2195437
2022-11-29,3054.999267578125,3083.4598105600744,3042.0952286744628,3042.0952286744628,1576028
2022-11-30,3049.109375,3070.7806880330454,3034.9014959409137,3042.095336523885,3410702
2022-12-01,3125.40869140625,3129.320429758879,3075.3666292457947,3079.862779288552,2180856
2022-12-02,3092.587158203125,3119.3392540899144,3069.072378541606,3109.627744491306,2411749
2022-12-05,3080.671875,3092.586672135732,3063.6765163350246,3087.0564956202343,1475065
2022-12-06,3044.208984375,3064.531454764534,3028.6072529022326,3057.4276241423545,1166999
2022-12-07,3039.937255859375,3051.717038027653,3016.017648233855,3028.8766821146633,1167505
2022-12-08,3012.9150390625,3039.9369437406544,3002.93349851656,3021.4127184253575,1285619
2022-12-09,2960.93994140625,3034.092398588754,2946.192655434108,3034.092398588754,1797896
2022-12-12,2955.2744140625,2963.8621045413224,2909.99831491075,2927.443289239768,1527610
2022-12-13,2996.324951171875,3000.2364707063502,2938.5044070649324,2946.9570828866963,1378016
2022-12-14,3026.2236328125,3036.699574027997,3004.237284666107,3011.3413330711587,1213311
2022-12-15,2972.04541015625,3025.6843963408824,2966.5150134691307,3020.3340212997255,1415694
2022-12-16,2913.730224609375,2960.2653805768264,2900.1967681932483,2944.9784694377604,2703680
2022-12-19,2879.379638671875,2918.4511406152537,2872.590407855624,2901.815384614212,2120965
2022-12-20,2917.057861328125,2921.5990178983275,2844.8496299358694,2876.547495550187,1529971
2022-12-21,2939.178466796875,2952.2173027124622,2913.5054045863976,2921.598475154693,1432566
2022-12-22,2931.220458984375,2962.0640968575535,2918.0918305939645,2962.0640968575535,1384101
2022-12-23,2903.029541015625,2937.649899386993,2892.82319170629,2892.82319170629,1360281
2022-12-26,2925.10546875,2942.2808512656748,2900.0620424940166,2903.0295456954937,870157
2022-12-27,2931.040283203125,2943.8993165416755,2905.861842359533,2939.762770587653,835883
2022-12-28,2928.88232421875,2936.975394780793,2900.916181461144,2922.317900855153,910795
2022-12-29,2939.3583984375,2941.8312812201243,2902.714771749522,2905.5024728835565,1037927
2022-12-30,2928.522216796875,2966.559688661663,2919.0803020557573,2954.9147043886646,1163131
2023-01-02,2932.79345703125,2937.649430452119,2909.1886710006047,2932.3888474641512,709547
2023-01-03,2977.66552734375,2985.4437794959777,2918.2713383650357,2924.296135819554,1245178
2023-01-04,2980.63330078125,2992.0536999757765,2955.050245446045,2973.484464584184,1231668
2023-01-05,2977.440673828125,3001.000456972908,2951.227986433968,2994.615835872255,1826057
2023-01-06,2887.9228515625,2968.853571211557,2877.5366986331455,2967.4597204654315,2488376
2023-01-09,2985.398681640625,2991.7382972331907,2896.5547111423953,2903.613754663653,2885060
2023-01-10,2955.229736328125,2965.660893386526,2904.6032569263607,2953.9709019935526,3864655
2023-01-11,2993.267333984375,3011.971364872046,2941.5165953316505,2958.5571821774433,2720512
2023-01-12,2998.347900390625,3012.4207633052556,2981.442331005253,2993.5369316546853,2250391
2023-01-13,3034.496826171875,3038.4983560091237,2971.9553319355296,3006.0360632064353,1742837
2023-01-16,3066.225341796875,3083.6530407390187,3033.1172268351675,3050.544925777311,1843607
2023-01-17,3107.012939453125,3110.1399520710393,3054.223972942188,3062.501002679159,1688475
2023-01-18,3117.680908203125,3135.108607607236,3101.356767754569,3108.484209358868,2421189
2023-01-19,3102.138671875,3114.9219938480996,3091.0105761214827,3108.4843044601644,1585044
2023-01-20,3092.94189453125,3121.9572999157795,3086.0443703614665,3094.689177509416,1529349
2023-01-23,3140.580810546875,3144.35154713911,3086.044562341497,3115.8417787971057,1067916
2023-01-24,3160.261474609375,3174.654217604917,3142.7877478787727,3149.869160648053,1387863
2023-01-25,3154.238037109375,3159.066304386822,3131.4762056585528,3150.145550703775,874110
2023-01-27,3137.0400390625,3169.1824569748724,3110.599529591221,3150.789059081809,1785879
2023-01-30,3157.824951171875,3180.632813128412,3113.5889568511743,3145.2715449050534,1953798
2023-01-31,3088.89501953125,3171.9412502585005,3081.8136067312944,3171.9412502585005,2820375
2023-02-01,3134.556884765625,3144.351279049428,3085.492407490737,3092.8497664355737,2205161
2023-02-02,3182.425537109375,3190.334787824689,3145.3630208692275,3151.7086531782097,1813847
2023-02-03,3202.566650390625,3222.523443017251,3175.5282196617327,3222.523443017251,1804469
2023-02-06,3182.01220703125,3194.151806260683,3160.767964511945,3194.151806260683,1138714
2023-02-07,3193.599609375,3212.4068130598766,3183.3451557440176,3190.242679677012,1455647
2023-02-08,3237.330078125,3255.5393623719233,3198.6579142429127,3198.6579142429127,1986946
2023-02-09,3256.413330078125,3262.6211020458163,3223.71901947586,3232.6397728051547,1655427
2023-02-10,3253.37841796875,3257.7928785550507,3226.339987208153,3237.238165731009,1187821
2023-02-13,3202.658935546875,3263.909051515328,3194.3819049851286,3263.909051515328,1087939
2023-02-14,3218.936767578125,3241.6985980328905,3214.246361188052,3223.4430603616947,1579818
2023-02-15,3237.8359375,3242.756261571135,3182.1959052183624,3206.889133323468,1429449
2023-02-16,3272.231201171875,3287.8195594922468,3243.6754087634,3243.8592978190177,1618931
2023-02-17,3219.90185546875,3254.619390688415,3209.6476269306054,3242.893600647336,1061369
2023-02-20,3207.16552734375,3239.078034337906,3195.8995688200025,3220.6846326664813,1296082
2023-02-21,3173.78076171875,3227.029558057199,3168.0328249581758,3213.326566631502,1139541
2023-02-22,3128.303466796875,3170.102422501116,3122.279583519376,3140.626954722956,1218430
2023-02-23,3139.569091796875,3175.068214566864,3134.2349615691996,3146.1906700493637,1441570
2023-02-24,3127.291259765625,3158.100199378468,3110.5993419958463,3147.5700246255037,977592
2023-02-27,3064.202392578125,3117.681110007593,3049.6255341549195,3117.681110007593,1128022
2023-02-28,3046.728271484375,3119.5200483675294,3034.8183676201006,3061.121014443196,4116217
2023-03-01,3113.72607421875,3116.761029539812,3048.7054626510703,3056.062821233637,1669307
2023-03-02,3054.637451171875,3099.195411560482,3051.464635019518,3091.0104395119347,1556538
2023-03-03,3073.6748046875,3088.2516630694918,3063.5126314585646,3084.5729833040723,1043190
2023-03-06,3100.98876953125,3131.4297058280413,3089.170922543595,3091.8378752076405,1334132
2023-03-08,3118.048583984375,3123.1988249795963,3063.2824237877426,3093.769389644099,1844590
2023-03-09,3068.80078125,3113.0827998019863,3063.28276151623,3113.0827998019863,1648500
2023-03-10,3063.420166015625,3069.168102382361,3025.713703449837,3046.774052486052,1024404
2023-03-13,3018.310546875,3099.1036364238453,3009.159876386488,3065.25973960763,1901233
2023-03-14,2956.69287109375,3038.9573035005947,2951.588657947801,3016.5174464543434,2670334
2023-03-15,2941.93212890625,2998.4460272576657,2935.5864960289846,2988.9273534129698,1780522
2023-03-16,2929.148681640625,2961.1532396142297,2917.1929727359693,2950.301089702708,1901060
2023-03-17,2923.906494140625,2962.6244613680587,2891.4421024736353,2897.419956693126,6739966
2023-03-20,2890.798583984375,2915.0317523258964,2846.424509123387,2915.0317523258964,2289468
2023-03-21,2856.586669921875,2903.1678589753687,2848.631390837733,2890.798344143033,1815297
2023-03-22,2879.302490234375,2890.9822527438723,2856.5866892222766,2878.6127378279625,1123939
2023-03-23,2873.646484375,2893.603500974921,2851.896380891422,2864.679702784,1372218
2023-03-24,2869.830078125,2915.3537406365167,2856.4948638539495,2895.9486148857454,1329577
2023-03-27,2871.485595703125,2899.48950141767,2856.4949302682685,2883.165359430464,1524217
2023-03-28,2865.599365234375,2896.5463922339063,2860.3112632842117,2875.807790984465,1303530
2023-03-29,2886.751953125,2896.960379511943,2854.7476180791455,2877.6473103151966,1740616
2023-03-31,2948.36962890625,2954.8993749774395,2898.7995113379675,2933.7009389751283,2382581
2023-04-03,2942.94384765625,2965.889568062685,2918.8025114059446,2965.889568062685,1521830
2023-04-05,2979.546630859375,3002.124572143045,2929.608509647277,2929.608509647277,2655065
2023-04-06,2961.98095703125,2995.686995347432,2956.7388832326774,2965.935582713961,1703464
2023-04-10,3001.250732421875,3009.159983559372,2956.738798026706,2961.3371476348343,2203187
2023-04-11,2955.63525390625,3010.033640232757,2935.7242652855402,3001.8026392985266,2348779
2023-04-12,2981.248046875,2998.997722073373,2942.0242127497345,2968.6486132828945,2417727
2023-04-13,2932.689453125,2970.5337797333086,2924.550284690997,2952.140381716384,4174070
2023-04-17,2887.303466796875,2909.283486192707,2823.6163302860664,2882.3373394653017,5505048
2023-04-18,2879.25634765625,2903.2598202590466,2860.7250902170117,2901.5123128481664,2617302
2023-04-19,2841.412353515625,2887.7636289587313,2824.7662376900453,2879.256681962595,3298034
2023-04-20,2855.3916015625,2862.9328510282207,2830.7443994426158,2841.7804399862516,2419999
2023-04-21,2906.9384765625,2910.2491532384734,2851.712258277941,2860.1731758215633,1929184
2023-04-24,2919.76806640625,2925.4239465242517,2875.02599070183,2897.9719345104572,1640676
2023-04-25,2920.87158203125,2934.8505195080106,2894.66099006403,2927.3092712863568,2024090
2023-04-26,2941.2421875,2950.6688039321384,2925.469938598228,2925.469938598228,2000029
2023-04-27,2931.862060546875,2942.208348501938,2915.9517239413262,2929.1490788333113,2434446
2023-04-28,2960.647705078125,2968.0050652212094,2939.4952946667568,2943.3118354294566,2931312
2023-05-02,2960.784912109375,2975.1318510325054,2952.1401056613113,2975.1318510325054,2321159
2023-05-03,2924.45849609375,2957.6586723706264,2918.2507236937186,2957.6586723706264,2468285
2023-05-04,2961.98095703125,2965.429719336731,2922.711095151928,2924.688295728886,1953253
2023-05-05,2971.177490234375,2983.4091447657124,2952.186396679855,2961.3370672458673,1710027
2023-05-08,2989.479248046875,2993.38784535891,2971.7295729946986,2984.3290064830276,928235
2023-05-09,3019.50634765625,3033.071479348302,2985.248642196661,2991.3185536466567,1107375
2023-05-10,3022.77099609375,3040.888447761684,3003.687846149381,3025.713894793873,1559987
2023-05-11,3018.494384765625,3043.8313346801706,3009.1598253633715,3043.1876106746317,1719623
2023-05-12,3011.275390625,3025.71416407058,2998.124065310058,3015.7356552073384,1027479
2023-05-15,2993.57177734375,3027.553537790775,2987.41003345753,3020.196178039157,1150390
2023-05-16,2996.422607421875,3021.1158357999793,2989.3411935953186,2994.629295895425,986306
2023-05-17,2950.94482421875,3016.517334349857,2941.3343184708624,2994.39922789193,1588815
2023-05-18,2942.805908203125,2969.56816838411,2938.3454192418985,2966.809158600784,1369364
2023-05-19,2963.95849609375,2974.672561589856,2945.7489855149392,2952.1406469944154,1152449
2023-05-22,3033.71484375,3042.6816246528992,2958.623891436203,2970.533570909172,1333243
2023-05-23,3032.19775390625,3060.6154646158416,3025.8060928695586,3040.4287547824956,1687418
2023-05-24,3037.991943359375,3050.729237970391,3012.838879386915,3012.838879386915,1016555
2023-05-25,3028.932861328125,3040.42873525149,3004.653665413494,3029.3926962850596,1374917
2023-05-26,3061.48876953125,3070.455550263201,3026.633373215479,3028.9325477621333,1791115
2023-05-29,3053.626220703125,3101.127084002137,3045.9468867778996,3090.826825426039,1210372
2023-05-30,3049.80908203125,3059.69553282269,3036.152119608709,3048.705523127727,1344224
2023-05-31,3025.254638671875,3060.385989782911,3002.860583074768,3043.1882047013933,5815424
2023-06-01,3056.98291015625,3071.6976293387106,3032.611656510299,3047.786210667212,1177314
2023-06-02,3040.06103515625,3067.926854638959,3032.5655904484856,3059.0521295537624,2030661
2023-06-05,3024.701904296875,3059.7414133596567,3021.161310297138,3048.705375800199,1861468
2023-06-06,2972.6494140625,3024.656797960872,2961.889319866343,3016.517628572255,2022849
2023-06-07,3011.82666015625,3015.4595356363516,2980.64994248542,2991.685980532265,1567196
2023-06-08,2976.466064453125,3007.3210392879746,2973.2932477119334,2999.0440089046133,1759366
2023-06-09,2951.496826171875,2988.9273483672064,2947.8641747619263,2984.3289986004875,1775689
2023-06-12,2986.076416015625,2992.9739409759577,2953.060353017023,2956.739032995867,2324605
2023-06-13,2983.133056640625,3002.7220694111443,2978.810653238192,2998.1237201471154,1371928
2023-06-14,2989.892822265625,2994.3072826160305,2966.7171860869717,2983.1331588044936,1658544
2023-06-15,2979.9326171875,3008.7932982828993,2974.0955619663478,3006.801393292492,2273810
2023-06-16,2941.5751953125,2964.2746801787644,2924.064254609405,2962.0511476509087,4156189
2023-06-19,2974.466552734375,2978.635846247477,2941.6682009107667,2955.5658459544397,1468186
2023-06-20,2990.495361328125,2994.9426531990575,2965.8039679072785,2977.802223474639,1528452
2023-06-21,3018.75341796875,3021.718203335577,2987.020465383,3011.156084779186,1645987
2023-06-22,3000.5009765625,3027.508637655328,2992.7183873435865,3020.420930552339,1529603
2023-06-23,2979.9794921875,3010.600456074895,2973.308441549502,2999.3898246945273,1119505
2023-06-26,2955.24169921875,2977.709560394798,2939.815402540229,2969.4637141952203,1978803
2023-06-27,2962.375732421875,2973.7716202061024,2948.431716890738,2966.6839118331172,863542
2023-06-28,2979.145263671875,2993.506162547034,2958.7156816452284,2972.242812355477,1575872
2023-06-30,3059.56640625,3066.746855836929,2977.8946733632847,2983.3609896661364,2672406
2023-07-03,3031.817626953125,3074.9003264457365,3028.5284723972923,3070.7310329464513,1687264
2023-07-04,3065.68115234375,3071.379095480353,3036.4497313989273,3048.2163572037293,1656681
2023-07-05,3075.96533203125,3084.350288689611,3062.114059513116,3076.0117027484253,1453008
2023-07-06,3078.69873046875,3083.8409041072446,3059.334769860957,3063.550433878052,1848238
2023-07-07,3084.58203125,3110.199930757501,3059.334645096493,3059.334645096493,1789326
2023-07-10,3031.4931640625,3080.412918176495,3025.239224007551,3080.412918176495,1407431
2023-07-11,3031.909912109375,3052.849119462837,3021.162536512691,3052.849119462837,1110172
2023-07-12,3020.32861328125,3047.429019608131,3011.2489999836316,3039.8316859801516,1515240
2023-07-13,3095.052001953125,3119.9750222295534,3032.2345994922275,3042.657833544412,4585146
2023-07-14,3256.356689453125,3265.8072677930727,3105.66000208669,3117.704626199795,6306101
2023-07-17,3235.09326171875,3289.0160708092913,3221.5199876631723,3252.0484312581953,2743228
2023-07-18,3239.864990234375,3265.0196338808823,3210.355570771072,3220.547175757647,2600090
2023-07-19,3215.034912109375,3258.3956097228456,3192.42794053721,3242.7838313695074,2405370
2023-07-20,3217.124755859375,3231.6157541053626,3191.8117167460496,3207.649828777992,1715404
2023-07-21,3128.877197265625,3190.7430524404836,3120.284698481327,3162.086043918453,3770223
2023-07-24,3153.44775390625,3170.818493731305,3132.4078294134024,3140.6751177427,1680132
2023-07-25,3157.53466796875,3164.641033805337,3139.9316997265273,3156.0020424597774,1272980
2023-07-26,3147.455810546875,3177.692164718962,3144.390332959445,3158.649328138262,1066803
2023-07-27,3155.444091796875,3169.145643709515,3144.436540400162,3153.632745545447,1701769
2023-07-28,3116.894287109375,3152.47192520402,3094.228757385738,3144.3903763886888,2599831
2023-07-31,3178.249755859375,3183.0800891327967,3122.0036670222876,3125.254883408398,2743678
2023-08-01,3206.674072265625,3214.058931099663,3172.257586620043,3172.257586620043,1956167
2023-08-02,3196.084716796875,3201.4260004622265,3170.957642026737,3190.7899244338078,1914899
2023-08-03,3158.27783203125,3189.210877378925,3128.5989179384605,3176.9027017071066,2026351
2023-08-04,3198.77880859375,3224.277587720079,3159.485492720518,3159.485492720518,2248493
2023-08-07,3236.399658203125,3240.068842182521,3196.641887374026,3208.4391110234615,1853889
2023-08-08,3223.90576171875,3241.8802048934517,3210.900898181017,3236.3996745458503,1634225
2023-08-09,3216.3818359375,3220.5619711755417,3181.593866924947,3218.6111506830484,1794589
2023-08-10,3197.43212890625,3218.6113003342507,3186.238609779897,3204.7704981728284,1096701
2023-08-11,3203.655029296875,3220.236092906804,3171.3286114502152,3193.715644032526,1679974
2023-08-14,3204.630615234375,3209.414456343141,3168.542029113301,3196.1308721360797,1190425
2023-08-16,3212.57275390625,3219.632627647557,3191.0218826561636,3204.7699265389706,1328445
2023-08-17,3191.533447265625,3214.802913522075,3170.586278504093,3209.4151379764926,1843241
2023-08-18,3127.762939453125,3167.6134698101937,3117.9163083336994,3167.6134698101937,2526749
2023-08-21,3159.85693359375,3167.3812675130794,3132.314578504026,3135.1013352464674,1375579
2023-08-22,3141.74267578125,3168.5420742775395,3125.8583001353277,3158.323967324431,1222012
2023-08-23,3156.698974609375,3160.18242084046,3136.030526971603,3147.1775549110757,1330046
2023-08-24,3146.945068359375,3170.4467623713062,3137.9810915042904,3165.7556764722162,1152881
2023-08-25,3140.953369140625,3145.133503987289,3112.110393341278,3135.1011349979294,1158046
2023-08-28,3135.612548828125,3152.75105887329,3121.2607957589826,3152.75105887329,1037485
2023-08-29,3136.16943359375,3148.6170828467652,3125.8120786392947,3140.7212722469335,944517
2023-08-30,3149.917724609375,3165.8488209595616,3142.5793554875713,3156.466648681639,1188200
2023-08-31,3118.195068359375,3174.487418701091,3105.979648519252,3159.2532391652235,3417652
2023-09-01,3139.00244140625,3148.105891229252,3118.194750485235,3126.740758299694,1277950
2023-09-04,3175.509521484375,3188.839599513233,3130.5034424257988,3137.8883029323442,1828332
2023-09-05,3185.588134765625,3201.9834627096716,3163.1081158549873,3176.902652296802,1501842
2023-09-06,3186.09912109375,3199.1039868231646,3156.559678937854,3189.9077796292513,1314818
2023-09-07,3209.647216796875,3214.059581829734,3179.0393826105205,3186.9351937219517,1885092
2023-09-08,3197.24609375,3218.704212548399,3190.88313491419,3209.6472526429598,1518917
2023-09-11,3233.24169921875,3237.9327853412556,3200.1258288885356,3215.917451266215,1783604
2023-09-12,3326.272705078125,3334.725730646849,3235.424395053453,3243.7846648081127,4476016
2023-09-13,3314.243408203125,3333.750705221569,3293.01752049451,3317.262394646456,1754929
2023-09-14,3306.997802734375,3341.9715088947505,3293.574969875399,3316.28699181143,2604721
2023-09-15,3342.528564453125,3350.9353249531437,3309.2267347478796,3314.243032341554,2952897
2023-09-18,3349.82080078125,3362.036220389306,3321.11729748375,3325.5761535614656,1395753
2023-09-20,3349.72802734375,3367.3309950501616,3325.52964476678,3325.52964476678,1649396
2023-09-21,3330.453125,3348.7527827829417,3277.2260243157334,3333.472111558681,2004073
2023-09-22,3347.498779296875,3375.4593312071706,3311.64264287237,3329.2456121214996,1989083
2023-09-25,3322.882080078125,3362.6863447912865,3305.697080802258,3346.430264395196,1238778
2023-09-26,3330.824462890625,3339.4169627375986,3284.6572387999286,3314.0111668297322,1726062
2023-09-27,3334.16845703125,3357.1127071544365,3302.9566931122054,3334.8186548656413,1541134
2023-09-28,3285.354248046875,3346.7093928835707,3276.6225002286055,3344.1083743461513,1755753
2023-09-29,3277.78271484375,3314.7999900882105,3256.3710928026703,3285.7712798337093,2243791
2023-10-03,3264.081787109375,3282.9851507659523,3232.7307740458355,3282.9851507659523,1948148
2023-10-04,3286.282958984375,3295.8043780585294,3230.129854777585,3238.4901251841598,1788138
2023-10-05,3334.215087890625,3366.4020365150864,3298.776696384458,3301.37771461772,2990768
2023-10-06,3363.98681640625,3376.573712868575,3320.931561429297,3335.747772538649,2075691
2023-10-09,3379.732177734375,3417.492640385133,3372.904533090084,3385.955889020274,4233074
2023-10-10,3370.9541015625,3388.6965453518687,3345.362564290118,3381.3116845865593,1848148
2023-10-11,3353.30419921875,3390.553937299432,3348.7525873875215,3390.553937299432,2426417
2023-10-12,3290.74169921875,3333.56472449737,3286.6080554652567,3320.885072209126,4241281
2023-10-13,3317.030029296875,3322.742789618248,3274.439008499951,3279.0836028382487,2890357
2023-10-16,3273.55712890625,3320.560295405763,3268.9590250990072,3312.5252365702218,1671104
2023-10-17,3257.76513671875,3282.9387033243615,3254.32818207953,3279.083780529412,1672065
2023-10-18,3239.3720703125,3272.30219626278,3236.353084226468,3261.4338917104274,1408245
2023-10-19,3218.32470703125,3238.0689271624133,3214.832247438286,3231.223615410734,1514545
2023-10-20,3254.552978515625,3259.1629792610242,3207.5211938456205,3213.434955097758,1481211
2023-10-23,3175.94921875,3240.0242499313185,3167.7071513441997,3234.4829267293885,1106272
2023-10-25,3157.2763671875,3189.779430139314,3145.2621710118374,3157.6488052225827,1518537
2023-10-26,3107.590087890625,3142.0024058676267,3101.3036615496458,3136.7405251390774,1984471
2023-10-27,3120.81494140625,3131.1061000295,3107.8230386075074,3119.9302305469437,1108851
2023-10-30,3146.51953125,3150.524263288147,3104.796239719202,3119.930229639093,910972
2023-10-31,3137.392822265625,3165.5653292410716,3119.977136155537,3165.5653292410716,999811
2023-11-01,3101.9091796875,3140.0470177894435,3083.608783594488,3124.5869734096973,1563475
2023-11-02,3129.3369140625,3144.098239691914,3113.597426931296,3113.597426931296,1245384
2023-11-03,3120.7685546875,3155.227488075118,3114.621962453366,3149.732776133044,1402598
2023-11-06,3148.10302734375,3159.32550946651,3128.3124232964,3143.213583990875,1099852
2023-11-07,3138.975830078125,3170.3613524077323,3134.8314904867043,3146.0073603280116,1191144
2023-11-08,3149.313232421875,3168.3121179813393,3138.137363887219,3139.906785455755,992899
2023-11-09,3117.554931640625,3158.579726325025,3112.525881937808,3157.2759659942562,2112352
2023-11-10,3104.516845703125,3117.5553602980613,3094.179302698473,3108.754408421209,1338557
2023-11-13,3102.74755859375,3125.518348524688,3098.509995691787,3125.518348524688,1030990
2023-11-15,3170.501220703125,3178.603680948949,3125.5649102414236,3150.757229249606,2059802
2023-11-16,3257.62646484375,3286.9631232989923,3179.7212020773018,3194.482754503449,3951984
2023-11-17,3261.91064453125,3282.4463523893537,3252.6906421657363,3257.626697192936,2021292
2023-11-20,3277.882568359375,3291.200297423911,3251.4794860942648,3251.4794860942648,1475621
2023-11-21,3269.1279296875,3295.9966725893887,3260.5598088550396,3277.8824969038105,1807236
2023-11-22,3287.7080078125,3290.036314045069,3242.0268214284124,3259.6287255971747,1798051
2023-11-23,3267.31201171875,3300.606789576356,3259.628601443918,3287.56827517058,2729804
2023-11-24,3219.675048828125,3263.8662551978136,3215.8565356961108,3254.273588142524,1989733
2023-11-28,3231.82861328125,3242.1663837595383,3197.2300740959413,3219.675036815199,1689195
2023-11-29,3272.434326171875,3276.3924466659996,3237.090683940245,3241.9335153053853,1441634
2023-11-30,3248.080322265625,3275.135057994798,3241.9335030426573,3259.1163570597796,3266235
2023-12-01,3270.478515625,3275.4145702734368,3250.3620863601263,3259.6286996171643,1172141
2023-12-04,3271.223388671875,3304.145727168507,3257.76582517753,3301.2119251213085,1625213
2023-12-05,3289.058837890625,3295.019211314365,3262.236702736452,3295.019211314365,1377656
2023-12-06,3356.579345703125,3364.728417171479,3283.051256098317,3289.989790276004,1896572
2023-12-07,3366.637451171875,3381.2127840148296,3345.030815693545,3357.4174498180882,1967653
2023-12-08,3377.62744140625,3394.670689519725,3354.6704315335883,3383.494818936944,1641155
2023-12-11,3392.714599609375,3402.12104768493,3366.7307931511145,3374.0881498547355,1102503
2023-12-12,3419.909423828125,3444.4030235404603,3381.6319783454765,3389.0359467038065,2236866
2023-12-13,3346.754150390625,3399.3272621622086,3318.302201392863,3393.3202772695595,3850968
2023-12-14,3415.392333984375,3425.404050554102,3378.465488934795,3380.7005719171807,3290396
2023-12-15,3595.8359375,3628.3856112730377,3414.879942101353,3414.879942101353,8531230
2023-12-18,3594.15966796875,3659.1660225226565,3567.1047044603515,3593.135349665333,2521612
2023-12-19,3554.113037109375,3590.341620394988,3529.7124319987875,3580.9351717771337,2004435
2023-12-20,3520.445556640625,3631.040100218342,3507.872703265474,3564.403931855312,2586083
2023-12-21,3527.3837890625,3545.26513467688,3486.2659937315334,3498.27996242007,1517562
2023-12-22,3561.376953125,3581.8194348785914,3503.6349627762156,3539.0252149254707,2413058
2023-12-26,3534.881103515625,3570.6904075901484,3529.8518256722914,3557.51228537649,1285231
2023-12-27,3549.455810546875,3555.9750672093833,3509.2227291901213,3538.0937229812293,1293976
2023-12-28,3538.932373046875,3574.415852211362,3531.6682392482426,3561.377336856761,1682889
2023-12-29,3532.878662109375,3560.0734608663474,3506.8016322454937,3531.5749015656434,1574996
2024-01-01,3549.363037109375,3568.8275851289145,3513.8795612451445,3529.71204270318,825907
2024-01-02,3523.37890625,3549.3629379884974,3508.5243592421702,3549.3629379884974,1344068
2024-01-03,3438.20947265625,3512.8084878989966,3433.8323028478494,3508.2914833063164,1803075
2024-01-04,3414.97314453125,3463.58813008378,3400.258204607658,3447.5228181063812,3598144
2024-01-05,3481.190185546875,3490.3638028676905,3422.4704854443794,3422.6100928660567,1963127
2024-01-08,3425.683349609375,3482.9130676229634,3420.188410832366,3481.190030173045,1067805
2024-01-09,3436.487060546875,3494.6483369499874,3429.8281951199665,3455.160123552573,1370944
2024-01-10,3458.046630859375,3473.1340080380555,3434.7169596150297,3436.579604387055,1292227
2024-01-11,3479.001708984375,3513.879690118427,3452.412406909358,3468.244888948058,1777909
2024-01-12,3616.13916015625,3637.0473054522495,3559.1422668706787,3583.7290906805597,6813450
2024-01-15,3635.69677734375,3692.6936681850148,3618.1878690791377,3688.0370557408974,2801505
2024-01-16,3596.114990234375,3631.225796912408,3590.759886789326,3631.225796912408,1432672
2024-01-17,3617.8154296875,3641.4243183462013,3550.713598917996,3556.7205834939423,3458696
2024-01-18,3634.578857421875,3640.35301077668,3596.767077362911,3630.294683469867,2239110
2024-01-19,3697.834228515625,3717.0593463167797,3671.5755310311206,3699.6629134417612,2941975
2024-01-23,3618.308349609375,3689.253641723034,3603.7722828902806,3657.461948675322,2618854
2024-01-24,3602.88134765625,3642.1285897607904,3568.9326446510017,3638.7056721419845,2657709
2024-01-25,3573.340576171875,3620.8875384611347,3543.7056629841854,3601.0996387813034,2205154
2024-01-29,3564.61865234375,3582.4370565517297,3545.7218573588943,3564.4311359857325,1646747
2024-01-30,3564.19677734375,3608.508336345958,3551.4893955843795,3570.667580091148,1411621
2024-01-31,3578.638916015625,3595.566445988201,3560.3516062355598,3574.184314915353,2459358
2024-02-01,3614.462890625,3662.0567819751186,3568.4165242500367,3582.4367479301113,2363107
2024-02-02,3719.638916015625,3736.613153638115,3631.2033142998894,3634.063682950061,2826510
2024-02-05,3726.203125,3771.874458152277,3715.6996914451147,3735.2998425709893,1691523
2024-02-06,3878.78515625,3891.820633736524,3741.864790482955,3748.4294655539775,4474396
2024-02-07,3829.456298828125,3896.603639652877,3820.594033092657,3894.7280181656797,2124267
2024-02-08,3877.00341796875,3899.417002760364,3831.9415667460817,3835.6458733260915,2345173
2024-02-09,3876.628662109375,3924.503719974254,3845.024255187154,3879.301056539786,2100596
2024-02-12,3864.436767578125,3900.917512535836,3850.2285690197773,3873.1582239962727,1013716
2024-02-13,3891.445556640625,3910.6706762721788,3827.67442810669,3868.891392141469,1257415
2024-02-14,3845.11767578125,3858.997090733716,3797.6643636034514,3851.5884779156377,1391283
2024-02-15,3848.02490234375,3888.444175657724,3829.0809437517446,3871.282423660838,1091582
2024-02-16,3871.5634765625,3889.991821945157,3845.117491300484,3857.4496096162657,1307556
2024-02-19,3848.58740234375,3871.5637647018066,3802.8224229354896,3866.640258482223,772291
2024-02-20,3779.986572265625,3843.1482139238024,3760.6208730684352,3828.2371155114192,1193648
2024-02-21,3743.271484375,3810.6532761089843,3733.04943912238,3763.434414830734,1885939
2024-02-22,3832.926025390625,3840.2877016688244,3724.0461165985157,3724.0461165985157,2982052
2024-02-23,3800.102783203125,3873.1581442686033,3794.7570791114713,3873.1581442686033,2538072
2024-02-26,3752.227294921875,3798.133079811019,3735.065314473416,3785.0037308931537,1379284
2024-02-27,3849.150146484375,3867.5313277921664,3750.3049902620937,3750.3049902620937,2960475
2024-02-28,3862.795654296875,3896.509674983892,3834.7080400231876,3840.8976823678586,1939225
2024-02-29,3840.428466796875,3880.7543245620564,3811.778305779147,3844.0858367320416,3772719
2024-03-01,3839.725341796875,3882.5363087877504,3832.6448252006635,3851.776300908435,2043265
2024-03-04,3826.92431640625,3861.810830830789,3822.422778973925,3849.7131636292625,1749271
2024-03-05,3762.590087890625,3811.262367586528,3732.4862753431057,3809.386746342637,2070859
2024-03-06,3811.5439453125,3818.765041667535,3712.2765944807757,3745.662745858388,1744204
2024-03-07,3853.089111328125,3867.5313044415575,3786.598195707899,3812.200473461429,2688905
2024-03-11,3865.983642578125,3894.7274460641324,3834.7075672902088,3834.7075672902088,2304068
2024-03-12,3931.53662109375,3966.8922650781215,3864.7643209446364,3865.9837495151633,4039801
2024-03-13,3890.9765625,3977.255146194866,3874.9399080779876,3943.493961270788,2837260
2024-03-14,3945.932373046875,3962.2501875616867,3831.8945009176455,3895.1500154804917,2919608
2024-03-15,3956.857666015625,3975.3794267322946,3917.2351652419898,3931.865103264559,3373143
2024-03-18,3894.259033203125,3990.1501797762785,3861.7639831846413,3953.106656161222,1526904
2024-03-19,3729.954345703125,3805.6356194004047,3719.919817535177,3799.3053975100765,8931209
2024-03-20,3723.952392578125,3768.123367840969,3713.9178639455963,3738.113425638154,1817913
2024-03-21,3725.875,3759.120343748554,3702.476668668117,3741.9116546616547,3829582
2024-03-22,3667.68359375,3693.0983540468014,3615.2600697944185,3654.6481172474314,5852485
2024-03-26,3636.361083984375,3701.257540323518,3630.6872833100233,3634.0165571732955,3440925
2024-03-27,3602.037353515625,3652.7730085811854,3591.2525294851544,3646.677238477006,1968575
2024-03-28,3635.235595703125,3671.5288233376846,3601.661927465741,3610.6650016041267,4311783
2024-04-01,3673.170166015625,3688.690979343402,3646.2550439346555,3655.3048258696854,1569676
2024-04-02,3642.269287109375,3666.6993019354495,3632.140885633653,3648.0836677291272,2142666
2024-04-03,3701.820068359375,3733.4242418469757,3611.5088559037185,3611.5088559037185,3973090
2024-04-04,3754.337890625,3778.111256202073,3690.5198221169708,3728.6417382256623,3394637
2024-04-05,3731.782958984375,3753.1181508715135,3714.1990096268437,3730.610695693873,1636819
2024-04-08,3725.5,3781.8622865716975,3713.7304297404708,3735.3000761758317,2302538
2024-04-09,3701.116943359375,3766.1072720566044,3680.954012876369,3736.2379090370728,1876992
2024-04-10,3736.847412109375,3742.052307422326,3674.3424188992844,3710.3542591400274,2101965
2024-04-12,3752.555908203125,3763.762930025122,3700.1323779568356,3724.0465524943843,4354821
2024-04-15,3696.099853515625,3811.450581115032,3675.3274360228825,3752.5560174922475,4200329
2024-04-16,3631.953369140625,3684.37689632826,3622.622198353119,3659.33739612377,3051420
2024-04-18,3621.824951171875,3691.2229435040135,3610.571222685582,3635.704595429841,3476284
2024-04-19,3588.251708984375,3612.963115642039,3564.525049477962,3599.317922437399,2957749
2024-04-22,3624.263671875,3636.830244882277,3574.934732720794,3598.3800024789316,1728883
2024-04-23,3633.73486328125,3652.7724651814333,3620.5118705508353,3635.9388098818245,1807586
2024-04-24,3592.7998046875,3655.586186600659,3586.6101623523527,3648.0837008405756,1317312
2024-04-25,3612.63427734375,3632.7502707587055,3573.9965228878514,3574.1840392334375,2856271
2024-04-26,3583.703125,3635.7046841917695,3566.07223748283,3615.400944510773,2039178
2024-04-29,3629.514892578125,3636.6423454168485,3581.6865473099597,3599.3174341023114,1110693
2024-04-30,3583.046142578125,3640.3464644642195,3573.0585508105046,3631.2028106924604,2203078
2024-05-02,3623.044189453125,3630.3591588386275,3543.095825813969,3543.095825813969,2491044
2024-05-03,3604.38134765625,3651.4596252829774,3561.4298032069573,3648.2239953859785,2962234
2024-05-06,3677.20263671875,3694.927167103904,3613.384573734727,3613.384573734727,2053831
2024-05-07,3731.501708984375,3739.988941315255,3670.12204659911,3686.3462169354693,2062112
2024-05-08,3729.626220703125,3736.5192209369857,3693.66131770256,3714.6681858171114,1247685
2024-05-09,3713.917724609375,3724.0461255143723,3666.8866116609574,3715.6058295864877,1726486
2024-05-10,3651.740966796875,3726.484662213695,3643.441479536376,3716.1687445881325,1672489
2024-05-13,3702.289306640625,3709.0414982162547,3629.327584853832,3642.925840662716,931326
2024-05-14,3658.58740234375,3700.4138550943817,3650.8035270075748,3691.2232635754413,1058317
2024-05-15,3639.08056640625,3682.7357004952323,3634.485385536964,3661.6818959693137,1115021
2024-05-16,3684.942138671875,3693.0187445265583,3630.67337116967,3675.637702384871,2599399
2024-05-17,3621.7939453125,3702.937300542508,3617.9208829280115,3701.992673680125,2765804
2024-05-21,3608.663330078125,3631.8539646234467,3599.075460107987,3618.4875873749434,1908117
2024-05-22,3619.81005859375,3628.54785688237,3606.16024685102,3622.6439391197887,1311168
2024-05-23,3677.857421875,3688.7679082914883,3613.6700725144915,3628.2645114562283,2095742
2024-05-24,3636.34130859375,3668.742057896385,3631.429294761055,3663.4993323947815,1309452
2024-05-27,3634.027099609375,3691.9327769001197,3628.642772199506,3641.536837624862,1841538
2024-05-28,3627.2724609375,3655.7058206803945,3617.9207475984267,3644.370298755804,1801993
2024-05-29,3593.02978515625,3635.774149635783,3589.5819894414226,3635.774149635783,1568095
2024-05-30,3529.220458984375,3584.2920197241397,3509.7137762005277,3567.855604818015,2919230
2024-05-31,3467.677978515625,3542.1618998121,3451.430442400017,3532.904510318457,10956800
2024-06-03,3497.81201171875,3543.815298291685,3491.3412248298496,3526.103542889748,2156773
2024-06-04,3509.2890625,3537.6278705417226,3392.627636061575,3495.1196584791387,3395997
2024-06-05,3538.997314453125,3574.2792205302862,3495.1194421750433,3510.2334721952598,2799670
2024-06-06,3618.298583984375,3627.2725390345563,3534.3213495003415,3571.634109972148,4328036
2024-06-07,3678.329833984375,3698.2142761529285,3624.8168128885063,3624.8168128885063,4552445
2024-06-10,3645.03173828125,3689.6180814133613,3629.161960387638,3679.3217405498876,1734661
2024-06-11,3638.797607421875,3665.105329903273,3628.31215590978,3632.0906637524354,1419898
2024-06-12,3619.4794921875,3677.9047569591216,3615.5121054162055,3659.8622913039767,2177001
2024-06-13,3663.404541015625,3674.598461482482,3638.7026410361236,3643.236896058969,1932323
2024-06-14,3619.857421875,3673.6538756786167,3616.031636949793,3673.6538756786167,1860730
2024-06-18,3603.84619140625,3629.256562858962,3584.9063758687394,3614.1898098741085,1774045
2024-06-19,3591.18798828125,3621.557881055292,3582.9225030243783,3615.7010098615556,1509050
2024-06-20,3577.5380859375,3598.981069597492,3570.736818650082,3585.8035709865335,2846526
2024-06-21,3599.73681640625,3663.074093663598,3587.7401013764106,3615.087002922448,4642195
2024-06-24,3605.45166015625,3643.425611853127,3581.3636764636767,3597.8473681995324,1702154
2024-06-25,3625.903076171875,3634.5935975227003,3582.8752747763524,3605.6408753024607,1338808
2024-06-26,3642.33984375,3652.8250643098772,3628.312041577448,3631.618235835589,1639845
2024-06-27,3716.3037109375,3723.7191241208575,3606.679947095457,3618.865541478185,4526556
2024-06-28,3687.965087890625,3740.722593484322,3682.0141228075263,3700.8593836882187,2731571
2024-07-01,3757.91455078125,3780.113282123888,3668.9307461619287,3668.9307461619287,2658723
2024-07-02,3794.944091796875,3800.61185331036,3762.023982045802,3772.462155624164,2307449
2024-07-03,3745.681640625,3803.162277059337,3735.9992153513335,3797.399960989219,1821198
2024-07-04,3798.29736328125,3823.2356509992096,3761.598747788845,3778.3658747158024,2518001
2024-07-05,3789.654296875,3803.7764231043757,3767.172130214255,3787.953922306711,1668616
2024-07-08,3772.083740234375,3808.0268365618135,3757.772736278706,3799.289038549238,1758882
2024-07-09,3764.810302734375,3785.072502499781,3754.9862757638116,3764.3379893103715,1305801
2024-07-10,3692.688232421875,3781.624995321451,3685.9342421919528,3763.1102154389605,2669716
2024-07-11,3706.432373046875,3759.6149115124776,3679.8884965924376,3713.3281952652137,4872189
2024-07-12,3952.271728515625,3967.3857582493197,3751.396688713167,3759.614896256505,13509164
2024-07-15,3938.338623046875,4005.2180225102193,3926.8610373129627,4001.156311371623,4848030
2024-07-16,3947.076416015625,3962.2845399612966,3915.383907085896,3940.983388073058,2029521
2024-07-18,4076.584228515625,4085.51113676854,3929.6477061172545,3929.6477061172545,5613364
2024-07-19,4073.6015625,4126.95500501344,4057.363678860647,4087.8038739597537,3903354
2024-07-22,4059.35205078125,4090.218499814398,4038.19051447339,4071.2820847406656,1896386
2024-07-23,4073.5546875,4129.748596183281,4039.4215192139973,4055.2336119896318,2365208
2024-07-24,4077.2470703125,4108.3502260578525,4041.1259492527006,4059.4941803111396,1809793
2024-07-25,4092.6328125,4112.042638447079,4046.901553853059,4066.595241107577,2810342
2024-07-26,4154.50732421875,4187.26741308513,4106.408555000571,4118.670068060141,3552210
2024-07-29,4148.11669921875,4195.362964674367,4138.553716676068,4180.21383187482,1746803
2024-07-30,4133.2041015625,4164.117706946695,4097.177294216961,4157.584736158652,1797906
2024-07-31,4152.140625,4179.266948047126,4113.936313834336,4118.670417762799,2330091
2024-08-01,4163.265625,4184.2847683252885,4132.919742480951,4165.443127805721,2202244
2024-08-02,4055.280517578125,4164.117750110982,4042.9246914447235,4132.872664673588,2811282
2024-08-05,3934.087646484375,4013.5734389112836,3891.9069640587004,4013.5734389112836,2787771
2024-08-06,3949.379150390625,4031.799717033467,3939.531844107783,3949.1424451879575,2203067
2024-08-07,3977.0732421875,4019.206763845451,3957.994435000655,4003.157967861053,1237666
2024-08-08,3950.657470703125,4006.9461596918663,3938.775053005237,3958.658292455504,2441283
2024-08-09,4003.86865234375,4027.4443989451242,3981.902223791584,3992.7435074037467,1302536
2024-08-12,3972.52880859375,4013.573584922349,3963.723559610809,4005.0521972685856,936912
2024-08-13,3973.759765625,4008.839291552157,3960.5514304588273,3988.956054631374,1495593
2024-08-14,4066.832275390625,4077.2001486736017,3965.42766940822,3985.1689766880017,3226545
2024-08-16,4181.20751953125,4191.575391499624,4095.0944511200714,4118.670194945417,3457058
2024-08-19,4251.22607421875,4255.250063264502,4156.875458820732,4185.8954285347645,2055210
2024-08-20,4282.75439453125,4322.237007322546,4260.693654534821,4265.427758595415,2212298
2024-08-21,4309.45556640625,4317.503544504559,4253.640286316128,4277.737064489385,1896990
2024-08-22,4262.5869140625,4318.402180859588,4258.042359497642,4317.502516242781,1829872
2024-08-23,4226.513671875,4266.374923745363,4218.087058430003,4260.6939984141445,1809253
2024-08-26,4263.01416015625,4310.070883859805,4246.491949695793,4250.279233485934,1844164
2024-08-27,4257.9951171875,4270.161857070282,4248.195429331919,4265.427753015881,930697
2024-08-28,4266.421875,4319.8700965173775,4220.2643589002255,4259.510267771518,1848058
2024-08-29,4271.86669921875,4313.716371329259,4222.821557534789,4222.821557534789,2133641
2024-08-30,4311.58544921875,4348.038051973605,4249.14242918416,4260.693828489569,3637222
2024-09-02,4280.6240234375,4344.013861375445,4272.055480062339,4332.652011694428,1216500
2024-09-03,4272.38720703125,4313.6210706253505,4256.811818932973,4280.62427113772,1717263
2024-09-04,4241.04638671875,4248.384246739305,4200.759353080192,4238.868884154686,1265505
2024-09-05,4237.92236328125,4259.746395831193,4217.281394309991,4242.703622965008,1688793
2024-09-06,4219.7431640625,4278.635596658736,4203.883917302406,4236.028665064455,1649179
2024-09-09,4212.92626953125,4251.462060686222,4194.889518372097,4218.086627772867,1184938
2024-09-10,4268.1259765625,4298.519014859862,4204.310350980651,4206.20399246566,1385591
2024-09-11,4241.142578125,4307.420045613886,4233.473235852587,4281.00383317773,1325919
2024-09-12,4277.453125,4291.560664475195,4195.647426325353,4270.399124104948,2742216
2024-09-13,4282.09228515625,4305.194622601226,4265.428144890812,4289.098667337487,1458786
2024-09-16,4273.2392578125,4304.2947971775275,4255.43921052289,4286.258044672285,1155120
2024-09-17,4266.04296875,4294.589522896417,4228.501617164474,4273.238899164255,1699364
2024-09-18,4115.02587890625,4257.901071253871,4091.213423900801,4257.901071253871,2961779
2024-09-19,4067.68408203125,4187.031121100962,4054.0971111064046,4156.590462569691,2927551
2024-09-20,4057.032470703125,4100.397141985248,4002.685047675482,4087.330737178729,5447908
2024-09-23,4041.504638671875,4080.229517445096,4026.828916076253,4071.32949426943,1702319
2024-09-24,4044.15576171875,4062.8083176204914,4014.5204536730093,4025.550824249018,3012026
2024-09-25,4047.422607421875,4061.482990128777,4014.5205814302008,4026.213911907486,2713073
2024-09-26,4064.22900390625,4087.2365684956953,4033.457322455591,4033.457322455591,3964251
2024-09-27,4079.567138671875,4145.181637964974,4071.376768553105,4104.468341840603,3012477
2024-09-30,4041.504638671875,4070.1459682536542,4033.5038178792897,4058.926049161128,2503416
2024-10-01,4059.873291015625,4067.305927628493,4017.313968463482,4029.2435420878182,1823365
2024-10-03,4007.65625,4051.446717559506,3986.116074065324,4035.918946931116,3350119
2024-10-04,4026.11962890625,4069.43668999684,3999.419091570335,4000.318756453385,2965463
2024-10-07,4045.62353515625,4068.7258712834955,4004.483984564525,4046.6175121163583,1472619
2024-10-08,4027.066162109375,4051.825437221579,3980.388074704301,4045.3872397570553,1541867
2024-10-09,4026.78173828125,4066.5953683116572,4020.864108234231,4033.456640048349,1082504
2024-10-10,4002.59033203125,4065.506761861307,3975.322076727874,4027.065743241721,2378875
2024-10-11,3928.548828125,4016.366452403587,3893.753165674994,3922.6783545680514,5759183
2024-10-14,3916.666259765625,3943.8873583904956,3902.984976280472,3919.8382019814067,2137590
2024-10-15,3897.871826171875,3948.1957233726384,3877.231316907688,3911.364023062213,2759474
2024-10-16,3877.184326171875,3896.168132074836,3850.910045329815,3867.7635041374742,2359151
2024-10-17,3890.487060546875,3910.323143238336,3875.29053893895,3894.0847950246857,2522659
2024-10-18,3913.313232421875,3935.238244757566,3872.4533402747466,3881.944647481302,2361000
2024-10-21,3872.31103515625,3929.3538837407996,3862.9620049373275,3922.3776803062365,1595450
2024-10-22,3811.234375,3881.75483326371,3802.5499216715493,3859.1654759681237,1928049
2024-10-23,3859.40283203125,3904.2965301967497,3791.919544419266,3796.143361546141,1966476
2024-10-24,3841.986083984375,3871.504141566946,3800.319338767848,3800.319338767848,2676744
2024-10-25,3851.145263671875,3883.842769480241,3827.5592734218494,3850.6706983285853,1759676
2024-10-28,3882.751220703125,3923.7061156513423,3844.9282715296536,3861.965120390014,1532534
2024-10-29,3867.94482421875,3894.757766071196,3853.565587028902,3887.4970090191655,1445885
2024-10-30,3876.866455078125,3898.0796180034267,3853.517979890609,3867.7074369038137,1935002
2024-10-31,3766.577880859375,3870.839986500922,3758.557772361112,3862.962154926698,3740372
2024-11-01,3781.526611328125,3795.5262896074955,3773.791288560614,3786.889338989994,154895
2024-11-04,3762.49658203125,3788.834960428504,3714.1859193893415,3764.5373521831416,2269192
2024-11-05,3769.330322265625,3783.234994421101,3740.61911840681,3740.61911840681,967590
2024-11-06,3929.069091796875,3938.7026764053235,3773.032086197068,3799.9400361634475,3792017
2024-11-07,3939.746826171875,3991.8540128312807,3877.246703910295,3957.5907627391994,3724349
2024-11-08,3936.045166015625,3957.6378902806014,3908.1880861984155,3943.6382119110012,1648039
2024-11-11,3985.115478515625,4018.9041625726113,3908.188152909336,3918.2017604204366,1406487
2024-11-12,3983.881591796875,4003.4337792823057,3952.5130037256044,4001.535517651541,1587640
2024-11-13,3939.224853515625,3983.264427096759,3920.9063521955636,3965.5632315109633,1098813
2024-11-14,3935.000732421875,3948.383567490613,3907.049112395529,3924.655300859059,1825432
2024-11-18,3815.031005859375,3998.687803877484,3787.2214288591285,3998.687803877484,3313944
2024-11-19,3834.06103515625,3921.9504005395133,3809.9057047468586,3815.4104775297365,1776233
2024-11-21,3865.667236328125,3884.2700598437223,3819.302106879864,3839.138846704682,2384347
2024-11-22,4028.680419921875,4038.504015740722,3847.776008717878,3863.9112312507355,3096553
2024-11-25,4095.593994140625,4107.932693294498,4035.8937655385084,4062.2794137366227,4052167
2024-11-26,4131.28125,4144.47407361588,4090.7531850402665,4101.240893559863,2060669
2024-11-27,4112.15625,4154.724856872267,4104.088638616241,4137.213672581404,1558993
2024-11-28,4028.96533203125,4119.180494692463,4017.6707679424585,4099.2960186022865,2558544
2024-11-29,4053.5947265625,4080.028107836073,3982.219916352583,4005.3313403533516,2017425
2024-12-02,4059.099853515625,4070.0625915391006,4014.870268702841,4052.788226834513,1670944
2024-12-03,4083.87255859375,4104.990718939741,4048.4701650537613,4094.882568586282,2010905
2024-12-04,4132.89453125,4163.789012881952,4070.8687487593297,4094.1224503683907,3302642
2024-12-05,4236.966796875,4260.647793669346,4138.209931031042,4176.934278953506,3746747
2024-12-06,4219.36083984375,4237.868889866684,4188.276807112925,4226.479320621802,1842087
2024-12-09,4225.67236328125,4242.0448686697655,4190.934085246633,4205.07650413352,2066639
2024-12-10,4207.0693359375,4265.20359458783,4187.659890094591,4200.994991803812,2087828
2024-12-11,4202.22900390625,4222.350297163338,4182.819095248504,4206.405086397892,1635256
2024-12-12,4228.330078125,4256.851270827812,4200.852558457947,4204.696352489294,1914642
2024-12-13,4246.3154296875,4266.247172902569,4170.859544659024,4209.347069742307,1967048
2024-12-16,4190.6025390625,4247.36037614199,4173.328172937727,4232.1742831770125,1646224
2024-12-17,4108.31201171875,4207.44889332409,4098.346139910261,4185.666159565598,3225027
2024-12-18,4126.677734375,4140.107840205238,4071.3908747482337,4092.366754522636,1575404
2024-12-19,4054.591552734375,4142.006587379303,4045.1952510106753,4064.177865984916,3015763
2024-12-20,3958.159423828125,4159.090570831168,3941.2650833812017,4108.7866456248585,4116989
2024-12-23,3946.76953125,4002.4836820374535,3905.5773564971237,3986.395733224167,2195338
2024-12-24,3966.89208984375,4003.43362482616,3946.77033195685,3946.77033195685,1181886
2024-12-26,3957.021240234375,3986.3020175795177,3932.3911110375443,3966.8921076893726,1208464
2024-12-27,3952.987060546875,3968.2681573970385,3936.2822676568094,3951.2310760757846,858100
2024-12-30,3947.24462890625,3985.684422832016,3902.825496858013,3939.8415947124545,1527169
2024-12-31,3886.500732421875,3929.3541258203386,3826.942776465206,3924.655743120756,1555429
2025-01-01,3903.2529296875,3923.706511928217,3877.62616777211,3886.1208416217773,763161
2025-01-02,3963.33251953125,3970.2137171045247,3888.541205767093,3910.4184830195177,1720835
2025-01-03,3891.341064453125,3967.31925896288,3884.1278097948166,3967.31925896288,1791953
2025-01-06,3886.6904296875,3938.560332599053,3859.545197490021,3896.656302584134,2085593
2025-01-07,3823.38330078125,3929.7334436078268,3807.4853613249484,3905.6256161656233,2669054
2025-01-08,3899.40869140625,3916.113485341044,3813.3700813691175,3829.6475810881293,2181277
2025-01-09,3833.396728515625,3927.2656647049257,3820.535960823577,3892.3851104960186,2392472
2025-01-10,4048.659423828125,4078.41476503514,3957.875161786487,3986.3490838137277,7894300
2025-01-13,4072.815185546875,4103.045093599212,4012.3553694421994,4029.060163870238,4003771
2025-01-14,4017.7177734375,4094.4550879803073,4004.4299428133863,4083.1605246383615,3441709
2025-01-15,4033.42626953125,4039.9279080856195,3993.4204997024085,4003.4336440894426,1653474
2025-01-16,3992.327880859375,4075.5668203455057,3978.6132216744018,4043.2963797559046,2637705
2025-01-17,3986.52880859375,4021.6165011799776,3963.08887255939,4020.939695681563,1761466
2025-01-20,3941.58203125,4007.3102701570856,3932.2061048226974,4007.3102701570856,1287799
2025-01-21,3901.03369140625,3973.673232978695,3895.3790145716716,3958.497734138814,1971591
2025-01-22,4017.749755859375,4024.0807657149944,3909.1043123511595,3914.7106117823487,2409223
2025-01-23,4006.97265625,4051.339285916404,4001.7526640783626,4028.7691913739204,1822998
2025-01-24,4013.642333984375,4038.4354105526413,3966.9073539751175,3966.9073539751175,1910099
2025-01-27,3929.3544921875,4017.508165667767,3906.05968881061,3964.9736206923685,1551782
2025-01-28,3905.3349609375,3964.9738425768846,3893.735817565749,3934.816117007367,2468272
2025-01-29,3962.84716796875,3970.6285432095738,3918.5772926221866,3918.5772926221866,1217089
2025-01-30,3963.0888671875,3991.941831258984,3922.927021299046,3962.943972286711,1531251
2025-01-31,3975.026123046875,3990.5402596455497,3948.783156988766,3972.706388892682,1492943
2025-02-01,3937.087646484375,3997.741503018046,3920.5106310847846,3975.606564509793,437172
2025-02-03,3932.738037109375,3940.80920259535,3865.12474024913,3896.2490630112698,1265713
2025-02-04,3969.855224609375,3981.2613328675334,3930.2250514324437,3947.285364884988,2547132
2025-02-05,3954.43798828125,4011.3703550712034,3939.8423053663196,4011.3703550712034,1693912
2025-02-06,3946.36669921875,4001.2209788539626,3916.2089750568643,3968.259986916976,2284536
2025-02-07,3894.799072265625,3953.374842814853,3874.1140268953372,3953.374842814853,1548940
2025-02-10,3902.096923828125,3916.644230568612,3880.2520112210996,3905.045086746592,1339511
2025-02-11,3831.14892578125,3905.045090759602,3822.884488602531,3884.1665374644367,1810908
2025-02-12,3818.1962890625,3887.404606196338,3808.5303361658844,3838.446649169052,1678002
2025-02-13,3779.532470703125,3851.3505477933163,3771.896462322554,3835.4501025039126,2277310
2025-02-14,3803.4072265625,3816.1178590800137,3769.7212893647547,3793.8861694247853,1681975
2025-02-17,3774.071533203125,3802.5860959459837,3727.3849307355754,3727.674956536778,1799806
2025-02-18,3743.817138671875,3793.306774402773,3735.407806152644,3768.1752947909295,2149879
2025-02-19,3657.693115234375,3745.5081505528037,3642.2757324813897,3742.8500136623115,4366672
2025-02-20,3653.150146484375,3661.4629603766616,3625.988960412709,3635.848185178673,2888572
2025-02-21,3659.52978515625,3689.4942392872176,3648.8972369162293,3649.960586134303,1833931
2025-02-24,3552.81787109375,3637.4914799757285,3547.4048428794777,3618.111196511734,2508516
2025-02-25,3508.305908203125,3535.8054964280086,3500.283120267886,3503.907852529123,4101954
2025-02-27,3491.8740234375,3516.473827507661,3480.419774327656,3491.0523230089602,3823856
2025-02-28,3366.89306640625,3479.743067268356,3341.5199398740847,3465.195760859545,7085018
2025-03-03,3376.365478515625,3405.556606946145,3360.0298777157327,3368.584339801977,4990439
2025-03-04,3414.06298828125,3432.3799220820893,3348.576156481458,3357.952083726606,2797737
2025-03-05,3428.561767578125,3480.081342184221,3403.2370189380595,3403.2370189380595,2501894
2025-03-06,3481.28955078125,3488.877181911339,3417.9775618337376,3438.1793081878077,2786513
2025-03-07,3490.56884765625,3503.9079097926337,3454.998093954285,3479.743027656133,2051315
2025-03-10,3469.73876953125,3501.1049762137254,3462.9244613654673,3486.0259949428714,1004626
2025-03-11,3455.868408203125,3468.869068486726,3419.4759516197346,3439.146261421323,1995450
2025-03-12,3389.076171875,3450.020048748746,3370.3726956351015,3445.912018992584,3174167
2025-03-13,3393.764404296875,3406.5717917540665,3367.714708703622,3385.306695598729,1693004
2025-03-17,3380.8603515625,3412.5163478055665,3361.1902786941764,3372.4510196048896,2690906
2025-03-18,3380.8603515625,3380.8603515625,3380.8603515625,3380.8603515625,0
2025-03-19,3380.280517578125,3428.5135286476893,3347.077874633433,3428.5135286476893,3051244
2025-03-20,3444.123779296875,3459.3960314822807,3394.68252652922,3394.68252652922,2845192
2025-03-21,3458.57470703125,3495.450223009194,3349.252685164703,3358.9186380800415,4161925
2025-03-24,3507.725830078125,3527.831058731868,3447.4587570622184,3479.7429444303652,1834751
2025-03-25,3535.563720703125,3586.068321730188,3516.473464812513,3523.239631457287,3135390
2025-03-26,3514.346923828125,3557.5536826670163,3504.7293486525073,3525.897689430406,1734499
2025-03-27,3529.232666015625,3540.638537603521,3489.892285017066,3494.0970689111577,2528474
2025-03-28,3485.6875,3538.656968927356,3471.9135171595426,3529.0393930182477,2051919
2025-04-01,3432.186279296875,3464.2771927018816,3407.248075969345,3453.354619757771,2618493
2025-04-02,3425.5654296875,3445.0424669343693,3412.129849162714,3425.6138066504323,1764313
2025-04-03,3289.46875,3385.0167912281404,3282.702582798802,3374.3842427691143,4537821
2025-04-04,3189.1845703125,3286.0857531447828,3185.414942880682,3250.2735845869393,5317367
2025-04-07,3164.68115234375,3181.4514379526936,2953.963392712106,2996.445205771086,6623955
2025-04-08,3182.949951171875,3237.127665022999,3146.5577324611054,3191.7460628104113,5557558
2025-04-09,3138.148193359375,3160.76642752928,3104.752280697163,3151.6321497293247,2990265
2025-04-11,3123.552490234375,3188.7492913945475,3098.904311833949,3179.663390613554,7108961
2025-04-15,3139.69482421875,3203.683386247662,3130.415650876791,3203.683386247662,3512160
2025-04-16,3164.439697265625,3168.596104196088,3121.136181217996,3139.6947635283577,2384391
2025-04-17,3188.701171875,3193.2443586174536,3110.50370573642,3137.085076745666,2932346
2025-04-21,3210.642822265625,3241.960413439671,3174.3955010062373,3180.195072407739,2432946
2025-04-22,3203.68310546875,3222.531712274605,3184.931252579041,3211.6093750675464,2710498
2025-04-23,3298.989501953125,3306.6255098343104,3225.8182906392135,3252.5929311667933,3543923
2025-04-24,3287.970703125,3298.5064976170884,3274.5348867157572,3287.4874054696716,2252175
2025-04-25,3332.820556640625,3361.625143451318,3291.256959211522,3305.7558885472554,2742991
2025-04-28,3328.470703125,3342.2930622298845,3291.2567864500143,3320.2546435993536,1593296
2025-04-29,3356.502197265625,3378.250591632357,3315.808440523134,3339.586779424834,1578332
2025-04-30,3338.330078125,3392.65268577439,3253.5597190937174,3356.0188189819924,2809332
2025-05-02,3316.388427734375,3374.867442563267,3305.755879583667,3356.0188344779217,1721761
2025-05-05,3338.91015625,3387.4331925936117,3331.2739118706236,3334.7537493074506,1284443
2025-05-06,3344.419677734375,3356.9854164079434,3322.1879862349847,3344.419677734375,1324763
2025-05-07,3330.017333984375,3343.9362109554654,3306.335750758935,3306.335750758935,1477128
2025-05-08,3333.6904296875,3360.851851961966,3314.1652518601954,3332.820588313161,2543591
2025-05-09,3325.377685546875,3331.0805031274213,3284.5874131966707,3285.457254527544,2531757
2025-05-12,3499.46142578125,3509.22413241534,3385.209911911905,3387.916425868549,2228678
2025-05-13,3397.58251953125,3501.9748131612287,3393.232840630001,3499.461570957545,3062887
2025-05-14,3430.156494140625,3442.045662835236,3391.396166459135,3403.3818530870167,2119499
2025-05-15,3460.314453125,3479.7431132346333,3396.712670565691,3444.945682102287,3548330
2025-05-16,3442.335693359375,3473.8465567565913,3427.6434928317944,3473.8465567565913,1666727
2025-05-19,3401.25537109375,3431.4130953260615,3386.6596886040716,3431.4130953260615,2537377
2025-05-20,3381.4404296875,3439.1461226598826,3377.2840226457647,3413.82137266364,2038374
2025-05-21,3408.02197265625,3418.8477935076376,3381.4406002159167,3390.816528025104,1440153
2025-05-22,3360.851806640625,3380.9570357698217,3336.0103550080185,3378.250521774226,2034383
2025-05-23,3397.19580078125,3416.9142497236344,3349.8326329632987,3360.851724551366,1274331
2025-05-26,3419.1376953125,3426.5804321288315,3392.846349631144,3403.3821442949547,967470
2025-05-27,3381.826904296875,3421.747337093333,3366.7481593177404,3414.014574749619,2467680
2025-05-28,3380.8603515625,3411.114831810162,3376.317400825417,3402.4154740639756,1222933
2025-05-29,3381.247314453125,3414.498100356932,3370.034713912086,3387.626702221486,3188072
2025-05-30,3347.7060546875,3389.5596782127777,3337.7503119241223,3373.4175839622008,3404365
2025-06-02,3334.560546875,3344.4197718377163,3304.4028204069105,3334.7538187399196,1877585
2025-06-03,3291.4501953125,3357.468700034321,3286.9072447003623,3330.8873298742683,2848125
2025-06-04,3297.008544921875,3310.563782597761,3286.3791053631217,3304.907652247958,2544807
2025-06-05,3287.451904296875,3324.4113841471617,3280.235380032571,3324.4113841471617,3584683
2025-06-06,3300.226806640625,3306.7605099618336,3275.359545608902,3287.4520036268846,2070390
2025-06-09,3336.991455078125,3348.791310023286,3306.760665733127,3315.634960419095,1718678
2025-06-10,3376.97412109375,3399.3060406489903,3338.2592545088482,3354.6424396212137,2419874
2025-06-11,3385.750732421875,3402.4265208353168,3363.516665314218,3383.8979728571367,2847013
2025-06-12,3348.986083984375,3388.481144938844,3338.259030391803,3385.7505745896515,4060134
2025-06-13,3360.200927734375,3364.8818717382055,3309.003623498393,3309.003623498393,2178493
2025-06-16,3409.54541015625,3421.9302340050463,3341.1847251814343,3354.642349665819,1934088
2025-06-17,3428.073974609375,3432.6573046439225,3401.5489430536663,3422.905437301184,2111940
2025-06-18,3365.75927734375,3450.2105407013996,3357.665418209048,3431.7796073253016,2696327
2025-06-19,3339.039306640625,3365.3693479021017,3328.3122527933565,3364.394161188714,2672768
2025-06-20,3350.44873046875,3360.785804206261,3326.2640538984306,3340.0142809157096,2351248
2025-06-23,3309.393798828125,3340.014567071261,3286.3792966511382,3330.2626997221478,3123421
2025-06-24,3306.27294921875,3356.690292940616,3298.081476031171,3349.376392565029,3403048
2025-06-25,3359.3232421875,3364.3941654870573,3315.634829755361,3322.7537403887272,1757699
2025-06-26,3356.397705078125,3365.759354753242,3330.555256962972,3359.3232652421043,2879106
2025-06-27,3355.71533203125,3380.387367158931,3345.8658502962735,3369.2703330730474,1778433
2025-06-30,3376.096435546875,3378.924381810933,3344.8904604060604,3354.5447137321717,1468351
2025-07-01,3344.597900390625,3398.5257745006766,3328.7999228861,3369.2701724246303,2375183
2025-07-02,3338.356689453125,3403.3039810516498,3335.1385257152824,3400.671024568939,3090585
2025-07-03,3316.4150390625,3350.058980842342,3313.294489180619,3344.8904436190446,2531870
2025-07-04,3334.943603515625,3341.964900305915,3305.980605453995,3323.4363525656718,1109320
2025-07-07,3327.044677734375,3341.0875101654565,3323.8265137554163,3333.481005692293,1639174
2025-07-08,3321.68115234375,3340.0147113686808,3309.1987139810713,3320.510975827842,2325242
2025-07-09,3299.836669921875,3329.28725945695,3283.4534864064294,3325.3865128143525,2034938
2025-07-10,3298.081298828125,3314.659472122057,3272.7264455550526,3296.130925499427,3035012
2025-07-11,3184.959716796875,3252.247598137654,3180.1813972680684,3218.0184502225306,7635550
2025-07-14,3142.734130859375,3190.8108827918168,3120.5974403831947,3184.9597625910983,3924009
2025-07-15,3171.599609375,3178.5232917839735,3126.4484195792625,3126.4484195792625,2590889
2025-07-16,3163.576171875,3175.1222359666176,3151.344969328223,3157.607249475903,2540733
2025-07-17,3140.18994140625,3172.2846643823304,3135.199754145851,3154.7696780470374,2947640
2025-07-18,3121.304931640625,3159.3685771406017,3118.46738821797,3155.6502438038765,3432645
2025-07-21,3090.286865234375,3128.83976152069,3084.2202361520617,3121.4030943290218,3844346
2025-07-22,3091.65673828125,3111.7159107005,3086.764257203384,3091.65673828125,3198036
2025-07-23,3110.7373046875,3113.5748480562365,3089.6996367952283,3091.6566291573,1922875
2025-07-24,3080.30615234375,3105.4534578423713,3072.478182452152,3097.0385335433134,2934778
2025-07-25,3068.368408203125,3089.014534530361,3058.3877948178133,3072.4780444334683,2568917
2025-07-28,3013.08349609375,3050.9512525080645,3003.885488175128,3043.12328264916,3374473
2025-07-29,2990.284423828125,3007.8973556438664,2975.802632112602,2994.1984086760676,4785312
2025-07-30,2987.93603515625,3003.0047807939304,2981.673516260727,2994.1983151611034,2880121
2025-07-31,2971.497314453125,2994.0027271024683,2950.166049468222,2976.2918502873677,2968371
2025-08-01,2938.424072265625,2971.4972914199097,2935.488583681943,2964.7455243430377,2053847
2025-08-04,3008.28857421875,3013.181055141491,2927.2692812506943,2944.392964480288,2519252
2025-08-05,2998.014404296875,3011.322048140622,2976.5854331255146,3008.2886143717656,1927996
2025-08-06,2967.093994140625,3000.8521121202134,2960.9294204705666,2997.1337788834585,1487081
2025-08-07,2981.47802734375,2985.9792055799644,2946.154217712285,2951.1446440658847,2543076
2025-08-08,2971.105712890625,2994.002666894786,2959.9509519667536,2982.5543093380406,2762140
2025-08-11,2975.4111328125,2984.3153044195046,2956.3304579380692,2971.105606429514,1884215
2025-08-12,2970.127197265625,3029.8154640054736,2961.809979769089,2975.6068714078456,3358232
2025-08-13,2970.91015625,2978.9337774241835,2963.473728360306,2970.812449963036,2148166
2025-08-14,2957.30908203125,2990.1864106721328,2954.1779420022144,2968.757439673081,3342174
2025-08-18,2946.44775390625,2983.434958599791,2938.815435653507,2980.988718063058,2945609
2025-08-19,2951.340087890625,2959.950901928915,2946.349900778797,2946.4476070609903,2650784
2025-08-20,3031.96826171875,3036.664852119672,2946.1539583708727,2946.1539583708727,4952358
2025-08-21,3035.882568359375,3062.693270119804,3016.801891436903,3062.693270119804,3230726
2025-08-22,2988.327392578125,3029.1306363096523,2984.4134077810354,3019.639270954844,1593791
2025-08-25,3073.0654296875,3084.220191422538,3010.9309175823823,3020.9115315912086,3448370
2025-08-26,3089.30810546875,3094.0049349317896,3052.9080951888627,3061.7145608480614,5522097
2025-08-28,3027.173828125,3078.838478368692,3020.1287028396528,3077.370733980466,3116051
2025-08-29,3018.3671875,3048.0156702082504,3011.028465982645,3026.4887537573413,2271789
2025-09-01,3045.667236328125,3063.7694152474464,3023.5531276055535,3023.5531276055535,1246862
2025-09-02,3044.591064453125,3087.1556510845603,3036.371791556432,3053.9847239556466,2185229
2025-09-03,3030.89208984375,3074.33722714916,3021.5963756053266,3062.595272321678,1799774
2025-09-04,3029.130615234375,3050.951128104469,3024.3360794475675,3048.99413571954,1481391
2025-09-05,2982.75,3036.664997028233,2963.47367273015,3030.5006621101975,2802055
2025-09-08,2954.079833984375,2998.9927110613953,2951.144345576971,2984.413214194218,2626187
2025-09-09,2983.826171875,2994.19832699537,2965.62628616296,2966.898378981974,2489301
2025-09-10,3043.123291015625,3055.550145422665,2987.740308555338,2990.675797260498,2079428
2025-09-11,3057.017822265625,3071.4996140027415,3043.221168990462,3071.4996140027415,2263446
2025-09-12,3066.019775390625,3080.990814432397,3053.886518550216,3076.3919302537256,1447167
2025-09-15,3044.982421875,3066.607284819441,3029.4244268669395,3066.607284819441,1732539
2025-09-16,3078.055419921875,3082.26300132086,3042.242602669502,3060.736085121159,2573429
2025-09-17,3104.57275390625,3113.966173979194,3074.8263264485827,3084.2199854121977,2418271
2025-09-18,3108.388916015625,3134.1234145595795,3093.4178759668794,3116.51048247651,2633138
2025-09-19,3101.050048828125,3112.107103450778,3076.3919928468,3101.8328935510035,4901694
2025-09-22,3007.70166015625,3040.089740964508,2999.090845838676,3028.445731768582,3634901
2025-09-23,2996.546875,3014.4534044791503,2986.3706093710016,3003.983542191669,3177741
2025-09-24,2970.127197265625,2991.262810224855,2967.778901999341,2984.4133369924134,1625714
2025-09-25,2893.804443359375,2964.4520571099356,2887.5421635017433,2957.015390749667,4974361
2025-09-26,2836.758544921875,2891.260737711385,2829.126226471788,2877.7574418213358,3934636
2025-09-29,2833.82275390625,2866.3087778304835,2831.7678164651984,2853.2947314486933,3110035
2025-09-30,2826.288330078125,2852.610021207006,2823.0594837288886,2848.402439766557,2253458
2025-10-01,2851.53369140625,2861.9058470940704,2804.957413772581,2828.8326264436423,1952902
2025-10-03,2839.498046875,2861.1229086009284,2828.9304789544044,2861.1229086009284,2899519
2025-10-06,2924.137939453125,2929.22631078988,2833.3336834873367,2839.5959635916415,2112774
2025-10-07,2909.75390625,2939.891634958981,2891.9453243871753,2930.5959216848555,3062943
2025-10-08,2962.103759765625,2977.5640480826064,2904.176830334925,2911.0263039913752,4121889
2025-10-09,2995.86181640625,3000.069397912704,2955.0585719818546,2968.757519004287,3211304
2025-10-10,2963.179931640625,3003.983173218589,2942.239970746985,2984.413250266025,8817365
2025-10-13,2942.53369140625,2970.225181329542,2933.7272257063764,2961.9079637241057,2866865
2025-10-14,2896.642333984375,2962.1036338769445,2891.9455044700007,2956.0370052457697,3611416
2025-10-15,2916.7763671875,2926.499513769408,2898.31197994854,2917.954894078994,4282226
2025-10-16,2917.66015625,2921.883430677564,2890.553079047838,2916.87439174088,3251495
2025-10-17,2909.311767578125,2935.4369375213087,2902.6331292681275,2916.972551528368,4374683
2025-10-20,2961.365478515625,2969.0262624451843,2925.320781572273,2932.1958010354274,3133039
2025-10-21,2953.017333984375,2977.669286180243,2942.508423286113,2976.981832168517,310644
2025-10-23,3018.330078125,3042.687339125331,2981.892616996725,3000.4550745732363,5564758
2025-10-24,3008.508544921875,3034.8300966289034,3003.6961270890743,3025.0086400055093,2684318
2025-10-27,3029.821044921875,3038.9550474990237,3005.5620951218402,3011.7496607245316,1946312
2025-10-28,3003.30322265625,3035.0265765381446,2985.919291823652,3021.0801556355614,3470737
2025-10-29,3003.0087890625,3021.080174034828,2991.714113509379,3003.3032409472494,2895420
2025-10-30,2981.106689453125,3009.0978400091353,2978.6513253692647,2994.6603471523654,2241536
2025-10-31,3003.4013671875,3012.6334402910475,2971.088871543434,2980.8120174669925,1868085
2025-11-03,2962.93701171875,3003.4013640895914,2956.2583734171585,2992.499451583931,2194877
2025-11-04,2936.81201171875,2975.214004338424,2922.8655907942766,2965.6872390451917,2670720
2025-11-06,2957.142333984375,2970.0085383136757,2936.61558517126,2936.7138956519902,2542721
2025-11-07,2938.383544921875,2950.3656744717186,2907.6423366423182,2947.419237380036,1830520
2025-11-10,2971.18701171875,2993.4816703122747,2938.579823663838,2939.5619693268272,1556656
2025-11-11,2992.597900390625,3001.142519888641,2964.1156755427983,2990.633609021809,2806868
2025-11-12,3075.8837890625,3080.4015151753365,3002.51755709654,3005.3656835637266,4460315
2025-11-13,3050.249755859375,3075.9819244274895,3046.61586484088,3075.8838537295965,1740435
2025-11-14,3050.54443359375,3057.517763723578,3022.356900982103,3034.830102963518,2210794
2025-11-17,3046.812255859375,3067.7320066302495,3031.4909272444793,3050.544457369475,2232853
2025-11-18,3031.98193359375,3049.5622448251693,3023.0443122614724,3046.6158078736476,2548350
2025-11-19,3091.499755859375,3098.6694669245953,3028.4460542827223,3041.705020306013,3151053
2025-11-20,3088.65185546875,3108.0000778660146,3082.0715272134535,3091.794673762747,2700767
2025-11-21,3094.34814453125,3113.4016740052466,3079.2229578295533,3088.6516518716926,4177037
2025-11-24,3085.115966796875,3122.1428110333977,3075.0981288018247,3101.616062202543,6703764
2025-11-25,3063.5087890625,3093.562543096727,3059.3838251197944,3089.142887490615,2737920
2025-11-26,3106.428466796875,3121.2589624366606,3061.348076121797,3063.115986297256,2508527
2025-11-27,3080.59814453125,3123.223169867727,3069.205159068128,3123.223169867727,2836233
2025-11-28,3081.48193359375,3091.1070087848907,3069.205113141185,3083.937297684263,1616690
2025-12-01,3077.455078125,3097.687374390369,3066.4550948216056,3081.8747335418534,1747647
2025-12-02,3079.714111328125,3087.8659682974553,3064.6872347092776,3075.0980746626374,2512003
2025-12-03,3123.22314453125,3154.5534946281955,3082.9551731709416,3083.9373188138757,3952112
2025-12-04,3171.544677734375,3191.9733551637537,3130.4909417024,3136.9731988901626,5025905
2025-12-05,3180.384033203125,3213.187842167148,3164.866083794654,3172.330486734928,5244013
2025-12-08,3178.71435546875,3201.6964674714213,3151.3125880977464,3185.0983021118977,2544725
2025-12-09,3151.01806640625,3175.964471029267,3124.401822284255,3172.330579931189,2734893
2025-12-10,3132.259033203125,3167.41989738469,3121.357359750894,3167.41989738469,1386849
2025-12-11,3134.91064453125,3151.1160479641035,3096.8035846478047,3147.7768486239356,1914362
2025-12-12,3163.0,3165.4553640739014,3128.8212841349605,3140.607031689688,1146554
2025-12-15,3172.52685546875,3180.384020730158,3140.2143592438706,3153.7680172761306,1562190
2025-12-16,3147.875244140625,3162.509118995985,3134.1252044928165,3162.509118995985,1734623
2025-12-17,3160.348388671875,3179.107227122374,3143.3572206041695,3143.3572206041695,1376350
2025-12-18,3222.2236328125,3229.09865265339,3163.4912725011322,3170.366292342023,2307422
2025-12-19,3223.402099609375,3258.661033366418,3220.259281411304,3240.09857605464,3902511
2025-12-22,3265.5361328125,3269.170263717588,3232.2414895890165,3250.9022578364156,2632816
2025-12-23,3250.902099609375,3260.625245626059,3234.6966963938,3260.625245626059,2365420
2025-12-24,3259.741455078125,3267.696930860065,3237.2504153109776,3245.107580613968,1367708
2025-12-26,3221.437744140625,3260.7235702886815,3213.384197736604,3253.9468611908032,1176664
2025-12-29,3193.446533203125,3229.294848891858,3184.9999848268185,3221.437683809396,2079473
2025-12-30,3188.83056640625,3209.160933545371,3181.6608551553877,3191.973384551631,2807593
